,name,period,price,ef_r,yax,currency,noi,yld,rate
0,Patricia Manor Place,2003-07-01,28917.6456,445.337397580472, -  Per Unit,USD,0.0924011734026795,0.04193382608695652,0.06193382608695652
1,Patricia Manor Place,2003-10-01,29214.752,444.4561479147525, -  Per Unit,USD,0.09128049033202525,0.04262122826086956,0.06262122826086956
2,Patricia Manor Place,2004-01-01,30006.5697,443.9522876342746, -  Per Unit,USD,0.08877101756171908,0.039974626373626365,0.05997462637362637
3,Patricia Manor Place,2004-04-01,30466.9287,444.0127109080644, -  Per Unit,USD,0.08744157613262757,0.04577706593406593,0.06577706593406593
4,Patricia Manor Place,2004-07-01,31212.0609,442.81003062913095, -  Per Unit,USD,0.08512286940253873,0.042859152173913034,0.06285915217391304
5,Patricia Manor Place,2004-10-01,31761.0441,439.24342680221156, -  Per Unit,USD,0.08297776837926021,0.04158758695652173,0.06158758695652174
6,Patricia Manor Place,2005-01-01,32560.4986,441.78242161434895, -  Per Unit,USD,0.08140829052556627,0.04289902222222222,0.06289902222222223
7,Patricia Manor Place,2005-04-01,33703.0967,452.952436642139, -  Per Unit,USD,0.08063694099221552,0.0414963846153846,0.061496384615384606
8,Patricia Manor Place,2005-07-01,34700.8695,468.77996362281965, -  Per Unit,USD,0.08105502318139082,0.041970032608695654,0.06197003260869566
9,Patricia Manor Place,2005-10-01,35550.946,475.2044323463343, -  Per Unit,USD,0.08020114553570545,0.044725456521739135,0.06472545652173914
10,Patricia Manor Place,2006-01-01,36171.4539,479.8960159606361, -  Per Unit,USD,0.07960354880188591,0.0455748,0.0655748
11,Patricia Manor Place,2006-04-01,36245.0687,482.15503229948814, -  Per Unit,USD,0.07981582867842457,0.05059930769230769,0.0705993076923077
12,Patricia Manor Place,2006-07-01,36395.7379,482.38791332049004, -  Per Unit,USD,0.07952380270116574,0.04888030434782609,0.06888030434782609
13,Patricia Manor Place,2006-10-01,36224.7756,479.7599724464969, -  Per Unit,USD,0.07946384172160285,0.046273163043478255,0.06627316304347826
14,Patricia Manor Place,2007-01-01,36399.3222,479.9273446744738, -  Per Unit,USD,0.07911037607306992,0.04678804444444444,0.06678804444444444
15,Patricia Manor Place,2007-04-01,36551.2284,480.37803365371315, -  Per Unit,USD,0.07885557690100174,0.048424120879120874,0.06842412087912088
16,Patricia Manor Place,2007-07-01,36626.5527,491.8349503311987, -  Per Unit,USD,0.08057022800257126,0.04731413043478261,0.06731413043478261
17,Patricia Manor Place,2007-10-01,36096.5689,502.79199825783195, -  Per Unit,USD,0.08357448038633367,0.04256776086956521,0.06256776086956521
18,Patricia Manor Place,2008-01-01,34601.1119,512.0087722914757, -  Per Unit,USD,0.08878479520043556,0.036362956043956035,0.05636295604395604
19,Patricia Manor Place,2008-04-01,32695.3003,515.9778599127785, -  Per Unit,USD,0.09468844546678383,0.03861756043956044,0.05861756043956044
20,Patricia Manor Place,2008-07-01,31307.922,514.7590265505427, -  Per Unit,USD,0.09865088329092093,0.0385636847826087,0.058563684782608705
21,Patricia Manor Place,2008-10-01,29544.8361,514.2469651361464, -  Per Unit,USD,0.10443387739141591,0.03215653260869565,0.052156532608695655
22,Patricia Manor Place,2009-01-01,28261.3132,515.5267166601111, -  Per Unit,USD,0.10944856943026507,0.02706626666666667,0.04706626666666667
23,Patricia Manor Place,2009-04-01,27384.676,513.0411446261861, -  Per Unit,USD,0.11240764242589969,0.0330422967032967,0.0530422967032967
24,Patricia Manor Place,2009-07-01,27326.2396,505.90614362989453, -  Per Unit,USD,0.11108139671655982,0.03501017391304348,0.055010173913043484
25,Patricia Manor Place,2009-10-01,27953.5514,494.3868704534908, -  Per Unit,USD,0.10611607735541413,0.03446005434782608,0.05446005434782608
26,Patricia Manor Place,2010-01-01,29614.4247,487.8189821557903, -  Per Unit,USD,0.09883406220397528,0.037015599999999996,0.0570156
27,Patricia Manor Place,2010-04-01,32048.9977,487.06608397725364, -  Per Unit,USD,0.09118526985521054,0.03472313186813186,0.054723131868131866
28,Patricia Manor Place,2010-07-01,34746.5744,490.2705071803581, -  Per Unit,USD,0.0846593684090524,0.027772521739130435,0.047772521739130436
29,Patricia Manor Place,2010-10-01,36674.7387,494.4599720597106, -  Per Unit,USD,0.08089382331054654,0.02846854347826087,0.04846854347826087
30,Patricia Manor Place,2011-01-01,38898.4218,497.88442694288807, -  Per Unit,USD,0.07679762888625288,0.034341344444444435,0.05434134444444444
31,Patricia Manor Place,2011-04-01,39906.2274,497.70235407309195, -  Per Unit,USD,0.07483078003105229,0.03185416483516483,0.051854164835164834
32,Patricia Manor Place,2011-07-01,40281.606,498.1494554976967, -  Per Unit,USD,0.07420003892064732,0.024121673913043474,0.044121673913043474
33,Patricia Manor Place,2011-10-01,40591.6355,500.57915579269275, -  Per Unit,USD,0.07399245922860528,0.02037721739130435,0.04037721739130435
34,Patricia Manor Place,2012-01-01,40856.5686,502.4457562380272, -  Per Unit,USD,0.07378677751778115,0.02017664835164835,0.04017664835164835
35,Patricia Manor Place,2012-04-01,41454.6695,503.204721159087, -  Per Unit,USD,0.07283204433591062,0.018039802197802202,0.0380398021978022
36,Patricia Manor Place,2012-07-01,42406.4968,511.55264528037486, -  Per Unit,USD,0.07237843498740149,0.016254673913043475,0.036254673913043475
37,Patricia Manor Place,2012-10-01,43573.9416,514.4944764041433, -  Per Unit,USD,0.07084433367911934,0.016895326086956524,0.036895326086956524
38,Patricia Manor Place,2013-01-01,43382.9101,513.7696081978755, -  Per Unit,USD,0.07105603663013037,0.019283033333333335,0.039283033333333335
39,Patricia Manor Place,2013-04-01,43894.579,518.0190516211039, -  Per Unit,USD,0.07080861419645063,0.019750263736263738,0.03975026373626374
40,Patricia Manor Place,2013-07-01,43687.974,520.1212663679618, -  Per Unit,USD,0.07143218859743349,0.026953282608695655,0.046953282608695655
41,Patricia Manor Place,2013-10-01,44475.5107,528.6929537632243, -  Per Unit,USD,0.0713236941555647,0.02733794565217391,0.04733794565217391
42,Patricia Manor Place,2014-01-01,45576.7861,535.4448709290592, -  Per Unit,USD,0.07048915688187052,0.02755097777777778,0.04755097777777778
43,Patricia Manor Place,2014-04-01,46345.2025,547.8897395011885, -  Per Unit,USD,0.07093157996250271,0.02608876923076924,0.04608876923076924
44,Patricia Manor Place,2014-07-01,47537.1049,562.1580304287488, -  Per Unit,USD,0.07095400928743754,0.02486604347826087,0.04486604347826087
45,Patricia Manor Place,2014-10-01,49119.5061,572.8179495849977, -  Per Unit,USD,0.06997032279829837,0.022648728260869565,0.042648728260869566
46,Patricia Manor Place,2015-01-01,49964.6093,594.9916133098302, -  Per Unit,USD,0.07144956660071354,0.019670200000000002,0.0396702
47,Patricia Manor Place,2015-04-01,51286.9164,627.4421981435158, -  Per Unit,USD,0.07340377338149141,0.021531857142857148,0.04153185714285715
48,Patricia Manor Place,2015-07-01,51844.5375,631.919855410903, -  Per Unit,USD,0.07313247094673027,0.022143967391304354,0.042143967391304354
49,Patricia Manor Place,2015-10-01,52136.5468,638.0577425153754, -  Per Unit,USD,0.07342922939983153,0.021806923913043483,0.041806923913043484
50,Patricia Manor Place,2016-01-01,52806.4862,644.7561124442002, -  Per Unit,USD,0.07325874060268758,0.019168879120879122,0.03916887912087912
51,Patricia Manor Place,2016-04-01,53579.2693,653.7776148271225, -  Per Unit,USD,0.0732123774775468,0.017444373626373622,0.03744437362637362
52,Patricia Manor Place,2016-07-01,53358.2175,651.8308736184123, -  Per Unit,USD,0.07329677461040511,0.015583554347826083,0.035583554347826084
53,Patricia Manor Place,2016-10-01,53514.6698,671.2273540282991, -  Per Unit,USD,0.07525719843215392,0.021299489130434782,0.04129948913043478
54,Patricia Manor Place,2017-01-01,54102.5513,688.9419960514529, -  Per Unit,USD,0.07640401195476926,0.02442081111111111,0.04442081111111111
55,Patricia Manor Place,2017-04-01,55531.0836,683.9810052658619, -  Per Unit,USD,0.07390250226622935,0.022559846153846156,0.042559846153846156
56,Patricia Manor Place,2017-07-01,56523.2391,675.0938557486804, -  Per Unit,USD,0.07166190754436227,0.022373510869565214,0.042373510869565215
57,Patricia Manor Place,2017-10-01,56876.0743,686.1671691168883, -  Per Unit,USD,0.07238549891797524,0.023700913043478263,0.043700913043478264
58,Patricia Manor Place,2018-01-01,58998.072,694.8995854476237, -  Per Unit,USD,0.07067006380625018,0.027541511111111115,0.047541511111111115
59,Patricia Manor Place,2018-04-01,61610.7959,701.9108160868747, -  Per Unit,USD,0.06835595669559023,0.02919126373626373,0.04919126373626373
60,Patricia Manor Place,2018-07-01,62724.9647,702.7484789368501, -  Per Unit,USD,0.06722189312959631,0.029177945652173912,0.04917794565217391
61,Patricia Manor Place,2018-10-01,63231.188,694.7117690735469, -  Per Unit,USD,0.06592111814254195,0.030362239130434784,0.050362239130434784
62,Patricia Manor Place,2019-01-01,64171.9965,691.5664108365307, -  Per Unit,USD,0.06466057924532836,0.026483777777777776,0.04648377777777778
63,Patricia Manor Place,2019-04-01,65480.5101,708.9879197580741, -  Per Unit,USD,0.06496478894333545,0.02333271428571428,0.04333271428571428
64,Patricia Manor Place,2019-07-01,66100.6175,720.5118407992013, -  Per Unit,USD,0.06540137154989828,0.017925108695652173,0.037925108695652174
65,Patricia Manor Place,2019-10-01,66753.7966,713.3045997336161, -  Per Unit,USD,0.06411362074350833,0.01790935869565218,0.03790935869565218
66,Patricia Manor Place,2020-01-01,67820.7109,698.9098160707802, -  Per Unit,USD,0.06183153848988453,0.013767076923076927,0.03376707692307693
67,Patricia Manor Place,2020-04-01,68555.3393,690.2201512778341, -  Per Unit,USD,0.06040843718305401,0.006787263736263736,0.026787263736263736
68,Patricia Manor Place,2020-07-01,68981.8006,685.5975455848887, -  Per Unit,USD,0.05963290661782656,0.006458163043478262,0.026458163043478262
69,Patricia Manor Place,2020-10-01,70701.2159,730.9619427289364, -  Per Unit,USD,0.062032478516025336,0.008540815217391303,0.028540815217391304
70,Patricia Manor Place,2021-01-01,73515.195,749.9021200687599, -  Per Unit,USD,0.06120384663895075,0.013100944444444446,0.03310094444444445
71,Patricia Manor Place,2021-04-01,78675.1342,773.5041671697551, -  Per Unit,USD,0.05898973100218151,0.01579798901098901,0.03579798901098901
72,Patricia Manor Place,2021-07-01,82539.3333,804.1556446983743, -  Per Unit,USD,0.05845617689512215,0.01318886956521739,0.03318886956521739
73,Patricia Manor Place,2021-10-01,85886.1657,817.3650535910646, -  Per Unit,USD,0.05710105092683614,0.015224673913043479,0.03522467391304348
74,Patricia Manor Place,2022-01-01,86534.4121,829.8573461661613, -  Per Unit,USD,0.05753946847461124,0.019318333333333337,0.03931833333333334
75,Patricia Manor Place,2022-04-01,86130.3067,838.3507296402245, -  Per Unit,USD,0.05840109678654316,0.029186923076923072,0.04918692307692307
76,Patricia Manor Place,2022-07-01,84010.252,833.4035996737945, -  Per Unit,USD,0.05952156408294987,0.03082071739130435,0.05082071739130435
77,Patricia Manor Place,2022-10-01,80797.0316,838.235266680233, -  Per Unit,USD,0.062247479894810866,0.03819154347826087,0.058191543478260874
78,Patricia Manor Place,2023-01-01,78457.679,852.7373702233633, -  Per Unit,USD,0.0652125360647003,0.03644471111111111,0.056444711111111115
79,Patricia Manor Place,2023-04-01,76994.2249,863.6609159668373, -  Per Unit,USD,0.06730330102720501,0.035932131868131864,0.05593213186813187
80,Patricia Manor Place,2023-07-01,75832.8144,889.7854741008485, -  Per Unit,USD,0.07040109069992648,0.0413559347826087,0.0613559347826087
81,Patricia Manor Place,2023-10-01,74740.7804,882.841639085221, -  Per Unit,USD,0.07087228426251924,0.044335195652173906,0.06433519565217391
82,Regency - Tanglewood - Marquee - Wildwood,2003-07-01,38318.6924,679.065834022676, -  Per Unit,USD,0.10632917641354735,0.04193382608695652,0.06193382608695652
83,Regency - Tanglewood - Marquee - Wildwood,2003-10-01,39527.4504,674.5035364308642, -  Per Unit,USD,0.10238508119373126,0.04262122826086956,0.06262122826086956
84,Regency - Tanglewood - Marquee - Wildwood,2004-01-01,40781.5928,671.1004340748625, -  Per Unit,USD,0.09873578563241343,0.039974626373626365,0.05997462637362637
85,Regency - Tanglewood - Marquee - Wildwood,2004-04-01,41721.3698,670.9085259327401, -  Per Unit,USD,0.09648415607860604,0.04577706593406593,0.06577706593406593
86,Regency - Tanglewood - Marquee - Wildwood,2004-07-01,42689.9396,671.714309584495, -  Per Unit,USD,0.09440832887725543,0.042859152173913034,0.06285915217391304
87,Regency - Tanglewood - Marquee - Wildwood,2004-10-01,43598.2779,668.661885680689, -  Per Unit,USD,0.09202132532129517,0.04158758695652173,0.06158758695652174
88,Regency - Tanglewood - Marquee - Wildwood,2005-01-01,44710.678,671.3615608236, -  Per Unit,USD,0.09009412393481486,0.04289902222222222,0.06289902222222223
89,Regency - Tanglewood - Marquee - Wildwood,2005-04-01,45878.9598,675.5711052192781, -  Per Unit,USD,0.08835044754688769,0.0414963846153846,0.061496384615384606
90,Regency - Tanglewood - Marquee - Wildwood,2005-07-01,47008.5433,681.4266801487823, -  Per Unit,USD,0.08697483040051347,0.041970032608695654,0.06197003260869566
91,Regency - Tanglewood - Marquee - Wildwood,2005-10-01,48009.13,687.8699338783957, -  Per Unit,USD,0.08596739002082258,0.044725456521739135,0.06472545652173914
92,Regency - Tanglewood - Marquee - Wildwood,2006-01-01,48749.3493,696.9129600161174, -  Per Unit,USD,0.08577504767015842,0.0455748,0.0655748
93,Regency - Tanglewood - Marquee - Wildwood,2006-04-01,49247.379,706.7530011906314, -  Per Unit,USD,0.08610647090769619,0.05059930769230769,0.0705993076923077
94,Regency - Tanglewood - Marquee - Wildwood,2006-07-01,49695.6329,715.5951650878711, -  Per Unit,USD,0.08639735002805905,0.04888030434782609,0.06888030434782609
95,Regency - Tanglewood - Marquee - Wildwood,2006-10-01,50034.9097,721.7892975625225, -  Per Unit,USD,0.08655428402572164,0.046273163043478255,0.06627316304347826
96,Regency - Tanglewood - Marquee - Wildwood,2007-01-01,50402.4324,728.3134197749348, -  Per Unit,USD,0.08669979424742225,0.04678804444444444,0.06678804444444444
97,Regency - Tanglewood - Marquee - Wildwood,2007-04-01,50740.0825,736.9476005848923, -  Per Unit,USD,0.08714383945886083,0.048424120879120874,0.06842412087912088
98,Regency - Tanglewood - Marquee - Wildwood,2007-07-01,50394.8161,745.4245840260488, -  Per Unit,USD,0.08875015031866132,0.04731413043478261,0.06731413043478261
99,Regency - Tanglewood - Marquee - Wildwood,2007-10-01,49004.7186,750.3857428763517, -  Per Unit,USD,0.09187512112880719,0.04256776086956521,0.06256776086956521
100,Regency - Tanglewood - Marquee - Wildwood,2008-01-01,46845.7176,754.7461980879343, -  Per Unit,USD,0.09666790094229671,0.036362956043956035,0.05636295604395604
101,Regency - Tanglewood - Marquee - Wildwood,2008-04-01,44091.893,756.5911326737404, -  Per Unit,USD,0.10295649579033593,0.03861756043956044,0.05861756043956044
102,Regency - Tanglewood - Marquee - Wildwood,2008-07-01,41096.1637,756.5473754243541, -  Per Unit,USD,0.1104551822813117,0.0385636847826087,0.058563684782608705
103,Regency - Tanglewood - Marquee - Wildwood,2008-10-01,38321.65,752.7597440345965, -  Per Unit,USD,0.11785918571375656,0.03215653260869565,0.052156532608695655
104,Regency - Tanglewood - Marquee - Wildwood,2009-01-01,36137.4172,745.9091178989435, -  Per Unit,USD,0.12384545034374124,0.02706626666666667,0.04706626666666667
105,Regency - Tanglewood - Marquee - Wildwood,2009-04-01,34822.464,736.3982609796368, -  Per Unit,USD,0.12688331204471404,0.0330422967032967,0.0530422967032967
106,Regency - Tanglewood - Marquee - Wildwood,2009-07-01,34718.1833,727.1785096615897, -  Per Unit,USD,0.12567106464840685,0.03501017391304348,0.055010173913043484
107,Regency - Tanglewood - Marquee - Wildwood,2009-10-01,34216.1375,718.4109852609948, -  Per Unit,USD,0.12597757159369521,0.03446005434782608,0.05446005434782608
108,Regency - Tanglewood - Marquee - Wildwood,2010-01-01,35982.9458,714.5329083538961, -  Per Unit,USD,0.11914526047846188,0.037015599999999996,0.0570156
109,Regency - Tanglewood - Marquee - Wildwood,2010-04-01,38866.6666,716.0005852062865, -  Per Unit,USD,0.11053182294870946,0.03472313186813186,0.054723131868131866
110,Regency - Tanglewood - Marquee - Wildwood,2010-07-01,42021.7445,720.9524443123845, -  Per Unit,USD,0.10293991164203825,0.027772521739130435,0.047772521739130436
111,Regency - Tanglewood - Marquee - Wildwood,2010-10-01,44949.0833,722.0296316954629, -  Per Unit,USD,0.09637966944195228,0.02846854347826087,0.04846854347826087
112,Regency - Tanglewood - Marquee - Wildwood,2011-01-01,47420.9265,723.7032827856821, -  Per Unit,USD,0.09156758454970491,0.034341344444444435,0.05434134444444444
113,Regency - Tanglewood - Marquee - Wildwood,2011-04-01,48722.5868,723.7313323212117, -  Per Unit,USD,0.08912474232438065,0.03185416483516483,0.051854164835164834
114,Regency - Tanglewood - Marquee - Wildwood,2011-07-01,49045.249,724.3172214341251, -  Per Unit,USD,0.08861007777949603,0.024121673913043474,0.044121673913043474
115,Regency - Tanglewood - Marquee - Wildwood,2011-10-01,49227.8484,725.9325872721201, -  Per Unit,USD,0.0884782834350469,0.02037721739130435,0.04037721739130435
116,Regency - Tanglewood - Marquee - Wildwood,2012-01-01,49312.9749,728.4199204670695, -  Per Unit,USD,0.08862818622614506,0.02017664835164835,0.04017664835164835
117,Regency - Tanglewood - Marquee - Wildwood,2012-04-01,47926.373,731.8207056039828, -  Per Unit,USD,0.09161812085433414,0.018039802197802202,0.0380398021978022
118,Regency - Tanglewood - Marquee - Wildwood,2012-07-01,51802.834,739.1007817741414, -  Per Unit,USD,0.08560544565273877,0.016254673913043475,0.036254673913043475
119,Regency - Tanglewood - Marquee - Wildwood,2012-10-01,52688.0731,745.5534985831475, -  Per Unit,USD,0.0849019660105749,0.016895326086956524,0.036895326086956524
120,Regency - Tanglewood - Marquee - Wildwood,2013-01-01,53401.6392,755.7517684102788, -  Per Unit,USD,0.08491332248208729,0.019283033333333335,0.039283033333333335
121,Regency - Tanglewood - Marquee - Wildwood,2013-04-01,53621.5547,773.2193385314749, -  Per Unit,USD,0.08651961057721531,0.019750263736263738,0.03975026373626374
122,Regency - Tanglewood - Marquee - Wildwood,2013-07-01,53483.4422,782.4686613327143, -  Per Unit,USD,0.08778066210548217,0.026953282608695655,0.046953282608695655
123,Regency - Tanglewood - Marquee - Wildwood,2013-10-01,55006.2481,789.1403059225992, -  Per Unit,USD,0.08607825472713154,0.02733794565217391,0.04733794565217391
124,Regency - Tanglewood - Marquee - Wildwood,2014-01-01,53657.3453,799.6991092946997, -  Per Unit,USD,0.08942288570076161,0.02755097777777778,0.04755097777777778
125,Regency - Tanglewood - Marquee - Wildwood,2014-04-01,54801.3868,799.7721453273881, -  Per Unit,USD,0.08756407733762549,0.02608876923076924,0.04608876923076924
126,Regency - Tanglewood - Marquee - Wildwood,2014-07-01,56036.5295,808.8021096761515, -  Per Unit,USD,0.0866008780586048,0.02486604347826087,0.04486604347826087
127,Regency - Tanglewood - Marquee - Wildwood,2014-10-01,57176.6069,817.9801456350255, -  Per Unit,USD,0.08583721804957532,0.022648728260869565,0.042648728260869566
128,Regency - Tanglewood - Marquee - Wildwood,2015-01-01,57533.6549,799.9585242706966, -  Per Unit,USD,0.08342510403635384,0.019670200000000002,0.0396702
129,Regency - Tanglewood - Marquee - Wildwood,2015-04-01,57382.1582,770.2986108044928, -  Per Unit,USD,0.0805440542810911,0.021531857142857148,0.04153185714285715
130,Regency - Tanglewood - Marquee - Wildwood,2015-07-01,57258.2851,748.0023610896608, -  Per Unit,USD,0.07838191728410611,0.022143967391304354,0.042143967391304354
131,Regency - Tanglewood - Marquee - Wildwood,2015-10-01,57132.9283,710.8487937171412, -  Per Unit,USD,0.07465209449631602,0.021806923913043483,0.041806923913043484
132,Regency - Tanglewood - Marquee - Wildwood,2016-01-01,56868.6784,675.3651028828175, -  Per Unit,USD,0.07125522750493363,0.019168879120879122,0.03916887912087912
133,Regency - Tanglewood - Marquee - Wildwood,2016-04-01,56486.8391,653.016407274765, -  Per Unit,USD,0.06936303227575343,0.017444373626373622,0.03744437362637362
134,Regency - Tanglewood - Marquee - Wildwood,2016-07-01,56523.657,631.2252219505898, -  Per Unit,USD,0.06700471152642404,0.015583554347826083,0.035583554347826084
135,Regency - Tanglewood - Marquee - Wildwood,2016-10-01,57343.5857,660.0806386415866, -  Per Unit,USD,0.06906585598900766,0.021299489130434782,0.04129948913043478
136,Regency - Tanglewood - Marquee - Wildwood,2017-01-01,59258.3524,707.721559108541, -  Per Unit,USD,0.07165790445856618,0.02442081111111111,0.04442081111111111
137,Regency - Tanglewood - Marquee - Wildwood,2017-04-01,62812.3361,774.8827810309273, -  Per Unit,USD,0.07401884685173434,0.022559846153846156,0.042559846153846156
138,Regency - Tanglewood - Marquee - Wildwood,2017-07-01,65482.4359,824.5555230823087, -  Per Unit,USD,0.07555206324408974,0.022373510869565214,0.042373510869565215
139,Regency - Tanglewood - Marquee - Wildwood,2017-10-01,67430.5887,883.1785402944769, -  Per Unit,USD,0.0785855699012585,0.023700913043478263,0.043700913043478264
140,Regency - Tanglewood - Marquee - Wildwood,2018-01-01,69947.0563,931.5581557782717, -  Per Unit,USD,0.07990827963791852,0.027541511111111115,0.047541511111111115
141,Regency - Tanglewood - Marquee - Wildwood,2018-04-01,72588.7926,967.6038332437748, -  Per Unit,USD,0.07997960554950255,0.02919126373626373,0.04919126373626373
142,Regency - Tanglewood - Marquee - Wildwood,2018-07-01,72908.4221,997.635498509626, -  Per Unit,USD,0.08210043255150569,0.029177945652173912,0.04917794565217391
143,Regency - Tanglewood - Marquee - Wildwood,2018-10-01,73769.1681,1001.285973927884, -  Per Unit,USD,0.0814393871898266,0.030362239130434784,0.050362239130434784
144,Regency - Tanglewood - Marquee - Wildwood,2019-01-01,75386.7915,1023.3420727861817, -  Per Unit,USD,0.08144732405433502,0.026483777777777776,0.04648377777777778
145,Regency - Tanglewood - Marquee - Wildwood,2019-04-01,69964.726,1013.1661931185982, -  Per Unit,USD,0.08688659995197566,0.02333271428571428,0.04333271428571428
146,Regency - Tanglewood - Marquee - Wildwood,2019-07-01,70019.4852,993.2772247604973, -  Per Unit,USD,0.08511435540464363,0.017925108695652173,0.037925108695652174
147,Regency - Tanglewood - Marquee - Wildwood,2019-10-01,72520.9829,966.3748391379235, -  Per Unit,USD,0.07995270889837237,0.01790935869565218,0.03790935869565218
148,Regency - Tanglewood - Marquee - Wildwood,2020-01-01,72271.2764,887.3354110570247, -  Per Unit,USD,0.07366706015921629,0.013767076923076927,0.03376707692307693
149,Regency - Tanglewood - Marquee - Wildwood,2020-04-01,69268.6213,782.7052867857524, -  Per Unit,USD,0.0677973898220855,0.006787263736263736,0.026787263736263736
150,Regency - Tanglewood - Marquee - Wildwood,2020-07-01,69397.161,711.37548172869, -  Per Unit,USD,0.0615047190528751,0.006458163043478262,0.026458163043478262
151,Regency - Tanglewood - Marquee - Wildwood,2020-10-01,70207.1416,679.9714238065278, -  Per Unit,USD,0.05811130391953127,0.008540815217391303,0.028540815217391304
152,Regency - Tanglewood - Marquee - Wildwood,2021-01-01,72312.7118,662.0931987779035, -  Per Unit,USD,0.05493583484539464,0.013100944444444446,0.03310094444444445
153,Regency - Tanglewood - Marquee - Wildwood,2021-04-01,75248.1604,678.6888361192212, -  Per Unit,USD,0.054116047423204874,0.01579798901098901,0.03579798901098901
154,Regency - Tanglewood - Marquee - Wildwood,2021-07-01,77904.144,686.6484350571558, -  Per Unit,USD,0.05288410088098695,0.01318886956521739,0.03318886956521739
155,Regency - Tanglewood - Marquee - Wildwood,2021-10-01,80288.6738,694.8069271930075, -  Per Unit,USD,0.0519231588448288,0.015224673913043479,0.03522467391304348
156,Regency - Tanglewood - Marquee - Wildwood,2022-01-01,83015.1001,715.1385009663502, -  Per Unit,USD,0.05168735568142863,0.019318333333333337,0.03931833333333334
157,Regency - Tanglewood - Marquee - Wildwood,2022-04-01,84300.221,755.3376464581737, -  Per Unit,USD,0.05376054564256767,0.029186923076923072,0.04918692307692307
158,Regency - Tanglewood - Marquee - Wildwood,2022-07-01,83113.6956,800.9287028835204, -  Per Unit,USD,0.05781925809711103,0.03082071739130435,0.05082071739130435
159,Regency - Tanglewood - Marquee - Wildwood,2022-10-01,80497.9213,828.8362593935971, -  Per Unit,USD,0.061778210866192666,0.03819154347826087,0.058191543478260874
160,Regency - Tanglewood - Marquee - Wildwood,2023-01-01,78756.3372,889.8602153363655, -  Per Unit,USD,0.06779341805167387,0.03644471111111111,0.056444711111111115
161,Regency - Tanglewood - Marquee - Wildwood,2023-04-01,77200.5337,887.9084245850977, -  Per Unit,USD,0.06900794971460911,0.035932131868131864,0.05593213186813187
162,Regency - Tanglewood - Marquee - Wildwood,2023-07-01,76237.0507,882.7261294700733, -  Per Unit,USD,0.06947221499506984,0.0413559347826087,0.0613559347826087
163,Regency - Tanglewood - Marquee - Wildwood,2023-10-01,75850.7831,910.265499831922, -  Per Unit,USD,0.07200443786837492,0.044335195652173906,0.06433519565217391
164,Sutton Place,2003-07-01,31737.32,517.788418164615, -  Per Unit,USD,0.09788887369783239,0.04193382608695652,0.06193382608695652
165,Sutton Place,2003-10-01,32492.9569,514.9405825908178, -  Per Unit,USD,0.09508655999063313,0.04262122826086956,0.06262122826086956
166,Sutton Place,2004-01-01,33145.4263,512.6958571914735, -  Per Unit,USD,0.09280843502528253,0.039974626373626365,0.05997462637362637
167,Sutton Place,2004-04-01,33591.5635,509.3215447958352, -  Per Unit,USD,0.09097311796085382,0.04577706593406593,0.06577706593406593
168,Sutton Place,2004-07-01,35075.2249,507.91232221236, -  Per Unit,USD,0.08688394563292337,0.042859152173913034,0.06285915217391304
169,Sutton Place,2004-10-01,35810.8986,507.9525331261396, -  Per Unit,USD,0.08510580068931412,0.04158758695652173,0.06158758695652174
170,Sutton Place,2005-01-01,35994.6274,510.736250223545, -  Per Unit,USD,0.08513541388516416,0.04289902222222222,0.06289902222222223
171,Sutton Place,2005-04-01,37260.0518,515.9191962840639, -  Per Unit,USD,0.08307866007057949,0.0414963846153846,0.061496384615384606
172,Sutton Place,2005-07-01,38417.6193,523.4911085512903, -  Per Unit,USD,0.08175797221530959,0.041970032608695654,0.06197003260869566
173,Sutton Place,2005-10-01,39418.2995,529.3230137369278, -  Per Unit,USD,0.08057014439249381,0.044725456521739135,0.06472545652173914
174,Sutton Place,2006-01-01,40106.5688,536.0551374827627, -  Per Unit,USD,0.0801946145265006,0.0455748,0.0655748
175,Sutton Place,2006-04-01,40290.1746,538.1609204165217, -  Per Unit,USD,0.08014275327809402,0.05059930769230769,0.0705993076923077
176,Sutton Place,2006-07-01,40284.8701,538.8595455239739, -  Per Unit,USD,0.08025735878303958,0.04888030434782609,0.06888030434782609
177,Sutton Place,2006-10-01,40067.4501,541.3827251881596, -  Per Unit,USD,0.08107070310244069,0.046273163043478255,0.06627316304347826
178,Sutton Place,2007-01-01,40434.4228,544.9606167863168, -  Per Unit,USD,0.08086584336546783,0.04678804444444444,0.06678804444444444
179,Sutton Place,2007-04-01,40193.7155,548.8608686665067, -  Per Unit,USD,0.08193234118898614,0.048424120879120874,0.06842412087912088
180,Sutton Place,2007-07-01,40682.6215,554.0116757863324, -  Per Unit,USD,0.08170737116136909,0.04731413043478261,0.06731413043478261
181,Sutton Place,2007-10-01,39614.6996,557.8238887099108, -  Per Unit,USD,0.08448740911970627,0.04256776086956521,0.06256776086956521
182,Sutton Place,2008-01-01,38538.1838,561.2443459604399, -  Per Unit,USD,0.08737998898024456,0.036362956043956035,0.05636295604395604
183,Sutton Place,2008-04-01,36254.1295,565.2603459178865, -  Per Unit,USD,0.09354967619639906,0.03861756043956044,0.05861756043956044
184,Sutton Place,2008-07-01,34846.7675,571.9627193816706, -  Per Unit,USD,0.09848191274240928,0.0385636847826087,0.058563684782608705
185,Sutton Place,2008-10-01,32592.5647,577.3040788529756, -  Per Unit,USD,0.10627652364890001,0.03215653260869565,0.052156532608695655
186,Sutton Place,2009-01-01,30945.0157,581.1720558473169, -  Per Unit,USD,0.11268478157805237,0.02706626666666667,0.04706626666666667
187,Sutton Place,2009-04-01,29895.2917,573.2384983365883, -  Per Unit,USD,0.115049253391949,0.0330422967032967,0.0530422967032967
188,Sutton Place,2009-07-01,29822.254,571.7297812672657, -  Per Unit,USD,0.1150274787279189,0.03501017391304348,0.055010173913043484
189,Sutton Place,2009-10-01,30447.9826,565.4824980632258, -  Per Unit,USD,0.11143250549477636,0.03446005434782608,0.05446005434782608
190,Sutton Place,2010-01-01,32151.9599,562.074274657858, -  Per Unit,USD,0.10489082651372515,0.037015599999999996,0.0570156
191,Sutton Place,2010-04-01,34713.1777,557.945039546488, -  Per Unit,USD,0.09643802322594419,0.03472313186813186,0.054723131868131866
192,Sutton Place,2010-07-01,37543.5613,558.9256561161752, -  Per Unit,USD,0.08932434272550088,0.027772521739130435,0.047772521739130436
193,Sutton Place,2010-10-01,39934.2642,555.3590590805145, -  Per Unit,USD,0.08344098536021323,0.02846854347826087,0.04846854347826087
194,Sutton Place,2011-01-01,42325.6321,557.4449920935369, -  Per Unit,USD,0.07902232728997381,0.034341344444444435,0.05434134444444444
195,Sutton Place,2011-04-01,43519.0773,559.7261615035969, -  Per Unit,USD,0.07716976501754971,0.03185416483516483,0.051854164835164834
196,Sutton Place,2011-07-01,43920.1193,561.7381690458859, -  Per Unit,USD,0.07673997857914096,0.024121673913043474,0.044121673913043474
197,Sutton Place,2011-10-01,44296.0123,567.1277688262413, -  Per Unit,USD,0.076818802331727,0.02037721739130435,0.04037721739130435
198,Sutton Place,2012-01-01,44542.1899,572.888890431095, -  Per Unit,USD,0.07717028171052205,0.02017664835164835,0.04017664835164835
199,Sutton Place,2012-04-01,45346.6595,577.2427026428918, -  Per Unit,USD,0.07637731762484844,0.018039802197802202,0.0380398021978022
200,Sutton Place,2012-07-01,46408.62,585.8750269585508, -  Per Unit,USD,0.07574563005216067,0.016254673913043475,0.036254673913043475
201,Sutton Place,2012-10-01,46845.7017,592.9143989217699, -  Per Unit,USD,0.07594050818819562,0.016895326086956524,0.036895326086956524
202,Sutton Place,2013-01-01,47120.2055,595.5154955658513, -  Per Unit,USD,0.07582931643613286,0.019283033333333335,0.039283033333333335
203,Sutton Place,2013-04-01,48334.1913,608.3516512958445, -  Per Unit,USD,0.07551817480755216,0.019750263736263738,0.03975026373626374
204,Sutton Place,2013-07-01,47730.043,625.5701810663526, -  Per Unit,USD,0.07863854399624394,0.026953282608695655,0.046953282608695655
205,Sutton Place,2013-10-01,48045.754,629.5469288247664, -  Per Unit,USD,0.07861842636393214,0.02733794565217391,0.04733794565217391
206,Sutton Place,2014-01-01,49497.4176,636.1571686940765, -  Per Unit,USD,0.0771139828548239,0.02755097777777778,0.04755097777777778
207,Sutton Place,2014-04-01,49872.8558,645.7969367394361, -  Per Unit,USD,0.07769319719679289,0.02608876923076924,0.04608876923076924
208,Sutton Place,2014-07-01,51076.2823,656.1644164979948, -  Per Unit,USD,0.07708052195075225,0.02486604347826087,0.04486604347826087
209,Sutton Place,2014-10-01,52056.1733,665.9333167987534, -  Per Unit,USD,0.07675554401138664,0.022648728260869565,0.042648728260869566
210,Sutton Place,2015-01-01,53511.0301,681.0619537627936, -  Per Unit,USD,0.0763650356747059,0.019670200000000002,0.0396702
211,Sutton Place,2015-04-01,55095.3064,692.305976186792, -  Per Unit,USD,0.07539364291693551,0.021531857142857148,0.04153185714285715
212,Sutton Place,2015-07-01,55943.3623,700.8112722091059, -  Per Unit,USD,0.07516294088127477,0.022143967391304354,0.042143967391304354
213,Sutton Place,2015-10-01,56954.1512,700.3096960413673, -  Per Unit,USD,0.07377615305850091,0.021806923913043483,0.041806923913043484
214,Sutton Place,2016-01-01,58218.2763,701.260021120204, -  Per Unit,USD,0.07227215221968405,0.019168879120879122,0.03916887912087912
215,Sutton Place,2016-04-01,58699.2931,704.8337875436702, -  Per Unit,USD,0.07204520705313265,0.017444373626373622,0.03744437362637362
216,Sutton Place,2016-07-01,58882.426,701.1370340452053, -  Per Unit,USD,0.0714444442943168,0.015583554347826083,0.035583554347826084
217,Sutton Place,2016-10-01,58826.9138,700.1271091738602, -  Per Unit,USD,0.0714088566557296,0.021299489130434782,0.04129948913043478
218,Sutton Place,2017-01-01,59515.573,708.802770885682, -  Per Unit,USD,0.0714572070962686,0.02442081111111111,0.04442081111111111
219,Sutton Place,2017-04-01,60944.9483,713.0049747002563, -  Per Unit,USD,0.07019498691085997,0.022559846153846156,0.042559846153846156
220,Sutton Place,2017-07-01,62462.6039,708.0374255916106, -  Per Unit,USD,0.06801228716546771,0.022373510869565214,0.042373510869565215
221,Sutton Place,2017-10-01,63163.1548,715.9961449461293, -  Per Unit,USD,0.06801396927179414,0.023700913043478263,0.043700913043478264
222,Sutton Place,2018-01-01,64251.7144,719.0413256512477, -  Per Unit,USD,0.0671460364006643,0.027541511111111115,0.047541511111111115
223,Sutton Place,2018-04-01,66772.3083,725.9405515668518, -  Per Unit,USD,0.06523128255251752,0.02919126373626373,0.04919126373626373
224,Sutton Place,2018-07-01,68786.7329,729.3209259625294, -  Per Unit,USD,0.06361583653255869,0.029177945652173912,0.04917794565217391
225,Sutton Place,2018-10-01,70309.1022,720.4209437304894, -  Per Unit,USD,0.06147889145401343,0.030362239130434784,0.050362239130434784
226,Sutton Place,2019-01-01,71861.743,731.8107388863792, -  Per Unit,USD,0.06110155765799161,0.026483777777777776,0.04648377777777778
227,Sutton Place,2019-04-01,73332.985,745.691712855515, -  Per Unit,USD,0.0610114299470162,0.02333271428571428,0.04333271428571428
228,Sutton Place,2019-07-01,74352.6689,758.4256741847934, -  Per Unit,USD,0.061202295928731075,0.017925108695652173,0.037925108695652174
229,Sutton Place,2019-10-01,74967.2988,753.5231277621939, -  Per Unit,USD,0.06030814553736013,0.01790935869565218,0.03790935869565218
230,Sutton Place,2020-01-01,76373.9043,757.7356231744567, -  Per Unit,USD,0.05952836614438658,0.013767076923076927,0.03376707692307693
231,Sutton Place,2020-04-01,77849.3894,770.5168319336958, -  Per Unit,USD,0.05938519270649764,0.006787263736263736,0.026787263736263736
232,Sutton Place,2020-07-01,78958.8308,777.7163619159548, -  Per Unit,USD,0.059097863078992424,0.006458163043478262,0.026458163043478262
233,Sutton Place,2020-10-01,80729.6546,775.7824113376995, -  Per Unit,USD,0.05765780234152268,0.008540815217391303,0.028540815217391304
234,Sutton Place,2021-01-01,83721.2924,789.1029419109434, -  Per Unit,USD,0.056552132865374395,0.013100944444444446,0.03310094444444445
235,Sutton Place,2021-04-01,89775.9281,816.3299963656059, -  Per Unit,USD,0.054557831724533684,0.01579798901098901,0.03579798901098901
236,Sutton Place,2021-07-01,93125.1063,843.6360029846408, -  Per Unit,USD,0.05435500928827229,0.01318886956521739,0.03318886956521739
237,Sutton Place,2021-10-01,95828.1366,860.6443770308401, -  Per Unit,USD,0.053886743971029494,0.015224673913043479,0.03522467391304348
238,Sutton Place,2022-01-01,97332.305,874.531394255118, -  Per Unit,USD,0.05391003907213241,0.019318333333333337,0.03931833333333334
239,Sutton Place,2022-04-01,96410.3955,878.0779246212047, -  Per Unit,USD,0.054646260088490446,0.029186923076923072,0.04918692307692307
240,Sutton Place,2022-07-01,93864.3082,863.0595491040735, -  Per Unit,USD,0.05516854482739842,0.03082071739130435,0.05082071739130435
241,Sutton Place,2022-10-01,90208.5289,857.0437727667742, -  Per Unit,USD,0.057004173544400245,0.03819154347826087,0.058191543478260874
242,Sutton Place,2023-01-01,87711.2574,857.7996223877708, -  Per Unit,USD,0.058678873007772255,0.03644471111111111,0.056444711111111115
243,Sutton Place,2023-04-01,86203.7971,860.9561646215664, -  Per Unit,USD,0.05992470356888025,0.035932131868131864,0.05593213186813187
244,Sutton Place,2023-07-01,84958.1104,850.4700297055753, -  Per Unit,USD,0.060062778635357354,0.0413559347826087,0.0613559347826087
245,Sutton Place,2023-10-01,84325.743,842.8843412202657, -  Per Unit,USD,0.05997345374498027,0.044335195652173906,0.06433519565217391
246,Turks (Approx) - Miami S. Beach 5 stars,2003-07-01,119852.4102,2517.61787824126, -  Per Unit,USD,0.1260359073650699,0.04193382608695652,0.06193382608695652
247,Turks (Approx) - Miami S. Beach 5 stars,2003-10-01,123872.2331,2510.107568099075, -  Per Unit,USD,0.12158209335288435,0.04262122826086956,0.06262122826086956
248,Turks (Approx) - Miami S. Beach 5 stars,2004-01-01,128398.0793,2506.040551219834, -  Per Unit,USD,0.11710645041805547,0.039974626373626365,0.05997462637362637
249,Turks (Approx) - Miami S. Beach 5 stars,2004-04-01,132211.2442,2527.53747010132, -  Per Unit,USD,0.1147045012122193,0.04577706593406593,0.06577706593406593
250,Turks (Approx) - Miami S. Beach 5 stars,2004-07-01,135637.7388,2513.524770618204, -  Per Unit,USD,0.11118696578941513,0.042859152173913034,0.06285915217391304
251,Turks (Approx) - Miami S. Beach 5 stars,2004-10-01,148159.0258,2554.83561528003, -  Per Unit,USD,0.10346324571796814,0.04158758695652173,0.06158758695652174
252,Turks (Approx) - Miami S. Beach 5 stars,2005-01-01,153764.2087,2612.015692341228, -  Per Unit,USD,0.10192290056669974,0.04289902222222222,0.06289902222222223
253,Turks (Approx) - Miami S. Beach 5 stars,2005-04-01,159451.9074,2671.7456161733317, -  Per Unit,USD,0.10053485065453655,0.0414963846153846,0.061496384615384606
254,Turks (Approx) - Miami S. Beach 5 stars,2005-07-01,164658.7549,2729.0816029242715, -  Per Unit,USD,0.09944499839981256,0.041970032608695654,0.06197003260869566
255,Turks (Approx) - Miami S. Beach 5 stars,2005-10-01,166700.2851,2768.3971344599563, -  Per Unit,USD,0.09964219795302401,0.044725456521739135,0.06472545652173914
256,Turks (Approx) - Miami S. Beach 5 stars,2006-01-01,201917.3564,2816.9278653618726, -  Per Unit,USD,0.0837053708185892,0.0455748,0.0655748
257,Turks (Approx) - Miami S. Beach 5 stars,2006-04-01,205238.2504,2877.155042752048, -  Per Unit,USD,0.08411166155854292,0.05059930769230769,0.0705993076923077
258,Turks (Approx) - Miami S. Beach 5 stars,2006-07-01,208300.0546,2932.390048797655, -  Per Unit,USD,0.08446632588057866,0.04888030434782609,0.06888030434782609
259,Turks (Approx) - Miami S. Beach 5 stars,2006-10-01,211036.2158,2973.076282230997, -  Per Unit,USD,0.08452794524278037,0.046273163043478255,0.06627316304347826
260,Turks (Approx) - Miami S. Beach 5 stars,2007-01-01,214394.0701,3021.0486389969356, -  Per Unit,USD,0.08454661001363961,0.04678804444444444,0.06678804444444444
261,Turks (Approx) - Miami S. Beach 5 stars,2007-04-01,222300.2414,3078.626281391558, -  Per Unit,USD,0.08309373652506231,0.048424120879120874,0.06842412087912088
262,Turks (Approx) - Miami S. Beach 5 stars,2007-07-01,220472.6139,3071.7641514027478, -  Per Unit,USD,0.08359580168435826,0.04731413043478261,0.06731413043478261
263,Turks (Approx) - Miami S. Beach 5 stars,2007-10-01,212108.6761,2997.8812250722744, -  Per Unit,USD,0.08480222346941349,0.04256776086956521,0.06256776086956521
264,Turks (Approx) - Miami S. Beach 5 stars,2008-01-01,202068.5126,2979.0651588478713, -  Per Unit,USD,0.08845708182387654,0.036362956043956035,0.05636295604395604
265,Turks (Approx) - Miami S. Beach 5 stars,2008-04-01,189126.4194,2965.8676210341523, -  Per Unit,USD,0.09409159113073608,0.03861756043956044,0.05861756043956044
266,Turks (Approx) - Miami S. Beach 5 stars,2008-07-01,174692.1649,2929.690743217216, -  Per Unit,USD,0.10062354238592013,0.0385636847826087,0.058563684782608705
267,Turks (Approx) - Miami S. Beach 5 stars,2008-10-01,160912.3886,2886.6846838274687, -  Per Unit,USD,0.10763688398175211,0.03215653260869565,0.052156532608695655
268,Turks (Approx) - Miami S. Beach 5 stars,2009-01-01,150612.8896,2834.113740974107, -  Per Unit,USD,0.11290323484932756,0.02706626666666667,0.04706626666666667
269,Turks (Approx) - Miami S. Beach 5 stars,2009-04-01,144855.077,2823.3847866764454, -  Per Unit,USD,0.11694659980788022,0.0330422967032967,0.0530422967032967
270,Turks (Approx) - Miami S. Beach 5 stars,2009-07-01,144551.291,2833.7534435987473, -  Per Unit,USD,0.11762275206239758,0.03501017391304348,0.055010173913043484
271,Turks (Approx) - Miami S. Beach 5 stars,2009-10-01,149735.4221,2847.4498856223654, -  Per Unit,USD,0.11409924969072627,0.03446005434782608,0.05446005434782608
272,Turks (Approx) - Miami S. Beach 5 stars,2010-01-01,158984.4405,2879.964285490132, -  Per Unit,USD,0.10868853366151132,0.037015599999999996,0.0570156
273,Turks (Approx) - Miami S. Beach 5 stars,2010-04-01,171783.9728,2912.492795610889, -  Per Unit,USD,0.10172635135182607,0.03472313186813186,0.054723131868131866
274,Turks (Approx) - Miami S. Beach 5 stars,2010-07-01,183507.2383,2905.736345392419, -  Per Unit,USD,0.09500670509711721,0.027772521739130435,0.047772521739130436
275,Turks (Approx) - Miami S. Beach 5 stars,2010-10-01,202159.8695,2896.7027841152344, -  Per Unit,USD,0.08597263516086415,0.02846854347826087,0.04846854347826087
276,Turks (Approx) - Miami S. Beach 5 stars,2011-01-01,213049.7496,2900.5308254277334, -  Per Unit,USD,0.08168601458223164,0.034341344444444435,0.05434134444444444
277,Turks (Approx) - Miami S. Beach 5 stars,2011-04-01,217267.2666,2899.3687525987616, -  Per Unit,USD,0.0800682624116585,0.03185416483516483,0.051854164835164834
278,Turks (Approx) - Miami S. Beach 5 stars,2011-07-01,219036.8138,2902.500128825137, -  Per Unit,USD,0.07950718635294,0.024121673913043474,0.044121673913043474
279,Turks (Approx) - Miami S. Beach 5 stars,2011-10-01,219845.1497,2914.7406778465725, -  Per Unit,USD,0.07954891927770119,0.02037721739130435,0.04037721739130435
280,Turks (Approx) - Miami S. Beach 5 stars,2012-01-01,230345.1671,2930.7458925575484, -  Per Unit,USD,0.0763396756994312,0.02017664835164835,0.04017664835164835
281,Turks (Approx) - Miami S. Beach 5 stars,2012-04-01,234699.1054,2953.1874731157445, -  Per Unit,USD,0.07549719803360813,0.018039802197802202,0.0380398021978022
282,Turks (Approx) - Miami S. Beach 5 stars,2012-07-01,237827.3397,2959.2462210606645, -  Per Unit,USD,0.07465700683849505,0.016254673913043475,0.036254673913043475
283,Turks (Approx) - Miami S. Beach 5 stars,2012-10-01,240830.5723,3109.5967734195287, -  Per Unit,USD,0.07747181125025783,0.016895326086956524,0.036895326086956524
284,Turks (Approx) - Miami S. Beach 5 stars,2013-01-01,243108.2304,3205.6652043705094, -  Per Unit,USD,0.07911698914749313,0.019283033333333335,0.039283033333333335
285,Turks (Approx) - Miami S. Beach 5 stars,2013-04-01,243962.9815,3238.9908831491525, -  Per Unit,USD,0.07965940233803429,0.019750263736263738,0.03975026373626374
286,Turks (Approx) - Miami S. Beach 5 stars,2013-07-01,244469.005,3270.495556948708, -  Per Unit,USD,0.08026773513350802,0.026953282608695655,0.046953282608695655
287,Turks (Approx) - Miami S. Beach 5 stars,2013-10-01,246570.3346,3324.833449790458, -  Per Unit,USD,0.0809059237848102,0.02733794565217391,0.04733794565217391
288,Turks (Approx) - Miami S. Beach 5 stars,2014-01-01,251937.1793,3344.7400131394097, -  Per Unit,USD,0.07965652443436902,0.02755097777777778,0.04755097777777778
289,Turks (Approx) - Miami S. Beach 5 stars,2014-04-01,255401.6165,3282.521487180055, -  Per Unit,USD,0.07711434717203652,0.02608876923076924,0.04608876923076924
290,Turks (Approx) - Miami S. Beach 5 stars,2014-07-01,261311.1993,3246.7978032259257, -  Per Unit,USD,0.0745501412551037,0.02486604347826087,0.04486604347826087
291,Turks (Approx) - Miami S. Beach 5 stars,2014-10-01,266668.3435,3610.5169487796275, -  Per Unit,USD,0.08123612052466124,0.022648728260869565,0.042648728260869566
292,Turks (Approx) - Miami S. Beach 5 stars,2015-01-01,274029.4438,3703.128138855157, -  Per Unit,USD,0.08108168423444043,0.019670200000000002,0.0396702
293,Turks (Approx) - Miami S. Beach 5 stars,2015-04-01,278154.7444,3759.6682590673504, -  Per Unit,USD,0.0810987768807013,0.021531857142857148,0.04153185714285715
294,Turks (Approx) - Miami S. Beach 5 stars,2015-07-01,283482.0503,3603.5273962958076, -  Per Unit,USD,0.07626995908521848,0.022143967391304354,0.042143967391304354
295,Turks (Approx) - Miami S. Beach 5 stars,2015-10-01,287036.1252,3712.200879122732, -  Per Unit,USD,0.07759721972005074,0.021806923913043483,0.041806923913043484
296,Turks (Approx) - Miami S. Beach 5 stars,2016-01-01,290732.761,3665.7351620827435, -  Per Unit,USD,0.07565164275551478,0.019168879120879122,0.03916887912087912
297,Turks (Approx) - Miami S. Beach 5 stars,2016-04-01,298093.1245,3598.6140366503964, -  Per Unit,USD,0.07243268108286201,0.017444373626373622,0.03744437362637362
298,Turks (Approx) - Miami S. Beach 5 stars,2016-07-01,300174.9303,3514.029966791441, -  Per Unit,USD,0.07023964253002991,0.015583554347826083,0.035583554347826084
299,Turks (Approx) - Miami S. Beach 5 stars,2016-10-01,302220.7582,3422.929366817989, -  Per Unit,USD,0.0679555445603006,0.021299489130434782,0.04129948913043478
300,Turks (Approx) - Miami S. Beach 5 stars,2017-01-01,304341.6116,3416.374648091589, -  Per Unit,USD,0.06735276119747514,0.02442081111111111,0.04442081111111111
301,Turks (Approx) - Miami S. Beach 5 stars,2017-04-01,320510.0495,3251.759421307944, -  Per Unit,USD,0.06087346265205847,0.022559846153846156,0.042559846153846156
302,Turks (Approx) - Miami S. Beach 5 stars,2017-07-01,309759.7832,3458.2544271417446, -  Per Unit,USD,0.06698586352461802,0.022373510869565214,0.042373510869565215
303,Turks (Approx) - Miami S. Beach 5 stars,2017-10-01,311844.1676,3335.5774257896765, -  Per Unit,USD,0.06417777413881015,0.023700913043478263,0.043700913043478264
304,Turks (Approx) - Miami S. Beach 5 stars,2018-01-01,314274.8238,3510.0209580436363, -  Per Unit,USD,0.06701181308008362,0.027541511111111115,0.047541511111111115
305,Turks (Approx) - Miami S. Beach 5 stars,2018-04-01,317438.9132,3628.4067842808495, -  Per Unit,USD,0.0685815122230109,0.02919126373626373,0.04919126373626373
306,Turks (Approx) - Miami S. Beach 5 stars,2018-07-01,322535.494,3650.6342981473485, -  Per Unit,USD,0.06791130339560114,0.029177945652173912,0.04917794565217391
307,Turks (Approx) - Miami S. Beach 5 stars,2018-10-01,327618.3222,3665.773995518632, -  Per Unit,USD,0.06713496310406229,0.030362239130434784,0.050362239130434784
308,Turks (Approx) - Miami S. Beach 5 stars,2019-01-01,329758.4539,3678.5291265673645, -  Per Unit,USD,0.06693133867645232,0.026483777777777776,0.04648377777777778
309,Turks (Approx) - Miami S. Beach 5 stars,2019-04-01,332400.1886,3688.817219709343, -  Per Unit,USD,0.0665851105905662,0.02333271428571428,0.04333271428571428
310,Turks (Approx) - Miami S. Beach 5 stars,2019-07-01,334495.6242,3701.141033852188, -  Per Unit,USD,0.06638904845534038,0.017925108695652173,0.037925108695652174
311,Turks (Approx) - Miami S. Beach 5 stars,2019-10-01,340096.7549,3712.407173626359, -  Per Unit,USD,0.06549442980809268,0.01790935869565218,0.03790935869565218
312,Turks (Approx) - Miami S. Beach 5 stars,2020-01-01,341099.3469,3750.231740009213, -  Per Unit,USD,0.06596726333413944,0.013767076923076927,0.03376707692307693
313,Turks (Approx) - Miami S. Beach 5 stars,2020-04-01,344160.2915,3767.7005240669514, -  Per Unit,USD,0.06568509994535994,0.006787263736263736,0.026787263736263736
314,Turks (Approx) - Miami S. Beach 5 stars,2020-07-01,350148.4608,3833.4085527488546, -  Per Unit,USD,0.06568771218911817,0.006458163043478262,0.026458163043478262
315,Turks (Approx) - Miami S. Beach 5 stars,2020-10-01,363355.6607,3990.468077765253, -  Per Unit,USD,0.06589358872369293,0.008540815217391303,0.028540815217391304
316,Turks (Approx) - Miami S. Beach 5 stars,2021-01-01,384718.5441,4188.866123624144, -  Per Unit,USD,0.06532878938950233,0.013100944444444446,0.03310094444444445
317,Turks (Approx) - Miami S. Beach 5 stars,2021-04-01,411480.5664,4355.780009432145, -  Per Unit,USD,0.06351376514629213,0.01579798901098901,0.03579798901098901
318,Turks (Approx) - Miami S. Beach 5 stars,2021-07-01,436240.7201,4510.6064453125, -  Per Unit,USD,0.06203831376784627,0.01318886956521739,0.03318886956521739
319,Turks (Approx) - Miami S. Beach 5 stars,2021-10-01,452207.5344,4864.017578125, -  Per Unit,USD,0.06453697306806748,0.015224673913043479,0.03522467391304348
320,Turks (Approx) - Miami S. Beach 5 stars,2022-01-01,476035.7012,4995.82275390625, -  Per Unit,USD,0.06296783297529177,0.019318333333333337,0.03931833333333334
321,Turks (Approx) - Miami S. Beach 5 stars,2022-04-01,516562.3964,5147.67626953125, -  Per Unit,USD,0.059791533089588046,0.029186923076923072,0.04918692307692307
322,Turks (Approx) - Miami S. Beach 5 stars,2022-07-01,512485.3528,5219.68408203125, -  Per Unit,USD,0.06111024309490763,0.03082071739130435,0.05082071739130435
323,Turks (Approx) - Miami S. Beach 5 stars,2022-10-01,491966.906,5354.34716796875, -  Per Unit,USD,0.06530130912466803,0.03819154347826087,0.058191543478260874
324,Turks (Approx) - Miami S. Beach 5 stars,2023-01-01,477091.3391,5257.9921875, -  Per Unit,USD,0.06612560434342205,0.03644471111111111,0.056444711111111115
325,Turks (Approx) - Miami S. Beach 5 stars,2023-04-01,465372.3712,4979.22998046875, -  Per Unit,USD,0.06419672015718603,0.035932131868131864,0.05593213186813187
326,Turks (Approx) - Miami S. Beach 5 stars,2023-07-01,453050.3747,4821.5114721731525, -  Per Unit,USD,0.06385397838418104,0.0413559347826087,0.0613559347826087
327,Turks (Approx) - Miami S. Beach 5 stars,2023-10-01,451573.0711,5015.261253065663, -  Per Unit,USD,0.06663720545845007,0.044335195652173906,0.06433519565217391
328,el retiro Farm,2003-07-01,568.8941070451485,4.841789360737551, -  Per Squared meter,USD,0.051065278765701445,0.04193382608695652,0.06193382608695652
329,el retiro Farm,2003-10-01,588.2545319982986,4.918434284965977, -  Per Squared meter,USD,0.05016638904514418,0.04262122826086956,0.06262122826086956
330,el retiro Farm,2004-01-01,629.2433454551292,5.188821750896696, -  Per Squared meter,USD,0.04947677354118358,0.039974626373626365,0.05997462637362637
331,el retiro Farm,2004-04-01,644.2052596755844,5.3442639690509655, -  Per Squared meter,USD,0.04977541448583284,0.04577706593406593,0.06577706593406593
332,el retiro Farm,2004-07-01,689.1793624389245,5.5890934317744625, -  Per Squared meter,USD,0.0486586836726682,0.042859152173913034,0.06285915217391304
333,el retiro Farm,2004-10-01,740.4837074566482,5.816791771419146, -  Per Squared meter,USD,0.04713236804141048,0.04158758695652173,0.06158758695652174
334,el retiro Farm,2005-01-01,812.1690034815268,6.378193176173481, -  Per Squared meter,USD,0.04711969909340591,0.04289902222222222,0.06289902222222223
335,el retiro Farm,2005-04-01,838.5382732926381,6.450865351343451, -  Per Squared meter,USD,0.04615793141567568,0.0414963846153846,0.061496384615384606
336,el retiro Farm,2005-07-01,859.9003595495626,6.598342786143421, -  Per Squared meter,USD,0.046040283943594114,0.041970032608695654,0.06197003260869566
337,el retiro Farm,2005-10-01,883.0079595274892,6.709920760668211, -  Per Squared meter,USD,0.04559361456441768,0.044725456521739135,0.06472545652173914
338,el retiro Farm,2006-01-01,899.0246956453929,6.879367185988462, -  Per Squared meter,USD,0.04591220165125649,0.0455748,0.0655748
339,el retiro Farm,2006-04-01,839.7662558671843,6.423082983206943, -  Per Squared meter,USD,0.045891934368623676,0.05059930769230769,0.0705993076923077
340,el retiro Farm,2006-07-01,836.0506712193254,6.565314567764889, -  Per Squared meter,USD,0.047116626734045715,0.04888030434782609,0.06888030434782609
341,el retiro Farm,2006-10-01,923.3048999320242,6.890658959501771, -  Per Squared meter,USD,0.044778224138152474,0.046273163043478255,0.06627316304347826
342,el retiro Farm,2007-01-01,1008.483748954076,7.162483960252766, -  Per Squared meter,USD,0.04261338252211497,0.04678804444444444,0.06678804444444444
343,el retiro Farm,2007-04-01,1149.398704603921,8.213740912770879, -  Per Squared meter,USD,0.04287671917431631,0.048424120879120874,0.06842412087912088
344,el retiro Farm,2007-07-01,1178.623244213626,7.983956149944817, -  Per Squared meter,USD,0.04064380804879691,0.04731413043478261,0.06731413043478261
345,el retiro Farm,2007-10-01,1215.917007722357,8.316236885117792, -  Per Squared meter,USD,0.04103686435324568,0.04256776086956521,0.06256776086956521
346,el retiro Farm,2008-01-01,1332.539327428741,9.22394337037191, -  Per Squared meter,USD,0.04153247794121185,0.036362956043956035,0.05636295604395604
347,el retiro Farm,2008-04-01,1476.888305398223,10.103809015106584, -  Per Squared meter,USD,0.041047690518676946,0.03861756043956044,0.05861756043956044
348,el retiro Farm,2008-07-01,1392.894241055156,9.422469378136237, -  Per Squared meter,USD,0.040588017813894275,0.0385636847826087,0.058563684782608705
349,el retiro Farm,2008-10-01,1197.302306081392,7.792911086958843, -  Per Squared meter,USD,0.039052348169932034,0.03215653260869565,0.052156532608695655
350,el retiro Farm,2009-01-01,1154.130525888085,7.502520676684365, -  Per Squared meter,USD,0.03900349488240749,0.02706626666666667,0.04706626666666667
351,el retiro Farm,2009-04-01,1257.40810537807,8.409076176294983, -  Per Squared meter,USD,0.040125760953799126,0.0330422967032967,0.0530422967032967
352,el retiro Farm,2009-07-01,1444.337177826297,9.187140978556233, -  Per Squared meter,USD,0.03816480439442565,0.03501017391304348,0.055010173913043484
353,el retiro Farm,2009-10-01,1487.976037183066,9.439924845530193, -  Per Squared meter,USD,0.03806482608443565,0.03446005434782608,0.05446005434782608
354,el retiro Farm,2010-01-01,1526.362935281037,9.6897859417592, -  Per Squared meter,USD,0.03808970612867416,0.037015599999999996,0.0570156
355,el retiro Farm,2010-04-01,1565.1629472971,9.773017684917042, -  Per Squared meter,USD,0.037464537613010294,0.03472313186813186,0.054723131868131866
356,el retiro Farm,2010-07-01,1686.175120931174,10.456010265887999, -  Per Squared meter,USD,0.03720613643064702,0.027772521739130435,0.047772521739130436
357,el retiro Farm,2010-10-01,1651.297432121041,10.33305828234888, -  Per Squared meter,USD,0.03754523472761554,0.02846854347826087,0.04846854347826087
358,el retiro Farm,2011-01-01,1696.679319885535,10.586352684876712, -  Per Squared meter,USD,0.03743672440915085,0.034341344444444435,0.05434134444444444
359,el retiro Farm,2011-04-01,1818.896502068195,10.92829562493087, -  Per Squared meter,USD,0.036049205479821655,0.03185416483516483,0.051854164835164834
360,el retiro Farm,2011-07-01,1818.288492383457,10.944176859507209, -  Per Squared meter,USD,0.036113664818374275,0.024121673913043474,0.044121673913043474
361,el retiro Farm,2011-10-01,1710.076721447639,10.202259786159686, -  Per Squared meter,USD,0.03579579673193769,0.02037721739130435,0.04037721739130435
362,el retiro Farm,2012-01-01,1843.785382176395,11.254243863504714, -  Per Squared meter,USD,0.03662327721750434,0.02017664835164835,0.04017664835164835
363,el retiro Farm,2012-04-01,1926.871520751713,11.188422114036117, -  Per Squared meter,USD,0.03483913273990768,0.018039802197802202,0.0380398021978022
364,el retiro Farm,2012-07-01,1966.881039167129,11.282105259604911, -  Per Squared meter,USD,0.034416230676713296,0.016254673913043475,0.036254673913043475
365,el retiro Farm,2012-10-01,2001.959673123341,11.459436576117366, -  Per Squared meter,USD,0.03434465757715994,0.016895326086956524,0.036895326086956524
366,el retiro Farm,2013-01-01,2071.263050290997,11.365964850400301, -  Per Squared meter,USD,0.03292473599276577,0.019283033333333335,0.039283033333333335
367,el retiro Farm,2013-04-01,2102.17081664087,11.078531464166062, -  Per Squared meter,USD,0.031620260474937496,0.019750263736263738,0.03975026373626374
368,el retiro Farm,2013-07-01,2154.888350203023,10.886323709075342, -  Per Squared meter,USD,0.03031152043134769,0.026953282608695655,0.046953282608695655
369,el retiro Farm,2013-10-01,2140.733664147479,10.624594980935662, -  Per Squared meter,USD,0.029778375027797146,0.02733794565217391,0.04733794565217391
370,el retiro Farm,2014-01-01,2099.669450136032,10.553566486771214, -  Per Squared meter,USD,0.03015779408350436,0.02755097777777778,0.04755097777777778
371,el retiro Farm,2014-04-01,2291.983839797124,11.272662701505325, -  Per Squared meter,USD,0.029509796288537,0.02608876923076924,0.04608876923076924
372,el retiro Farm,2014-07-01,2407.896392765408,11.155039206020927, -  Per Squared meter,USD,0.027796144151890967,0.02486604347826087,0.04486604347826087
373,el retiro Farm,2014-10-01,2172.165841233111,9.824361882181169, -  Per Squared meter,USD,0.02713704919492888,0.022648728260869565,0.042648728260869566
374,el retiro Farm,2015-01-01,1953.300055958171,8.852374443226635, -  Per Squared meter,USD,0.02719205710220756,0.019670200000000002,0.0396702
375,el retiro Farm,2015-04-01,1967.438948240956,8.856137348167419, -  Per Squared meter,USD,0.027008118415320068,0.021531857142857148,0.04153185714285715
376,el retiro Farm,2015-07-01,1679.55289037713,7.5741209680318295, -  Per Squared meter,USD,0.02705763305732321,0.022143967391304354,0.042143967391304354
377,el retiro Farm,2015-10-01,1650.045557035687,7.40969866583723, -  Per Squared meter,USD,0.02694361486290881,0.021806923913043483,0.041806923913043484
378,el retiro Farm,2016-01-01,1218.329617403511,7.156715839987588, -  Per Squared meter,USD,0.0352452197061739,0.019168879120879122,0.03916887912087912
379,el retiro Farm,2016-04-01,1158.882641986308,8.15927460902563, -  Per Squared meter,USD,0.042243835467450364,0.017444373626373622,0.03744437362637362
380,el retiro Farm,2016-07-01,1203.628837819463,8.310601485253018, -  Per Squared meter,USD,0.04142772866912429,0.015583554347826083,0.035583554347826084
381,el retiro Farm,2016-10-01,1204.365561171502,7.935986285679959, -  Per Squared meter,USD,0.03953610037451016,0.021299489130434782,0.04129948913043478
382,el retiro Farm,2017-01-01,1274.408306131559,8.372886151515235, -  Per Squared meter,USD,0.039420111017312645,0.02442081111111111,0.04442081111111111
383,el retiro Farm,2017-04-01,1306.161309432668,8.457902828074609, -  Per Squared meter,USD,0.03885233516102986,0.022559846153846156,0.042559846153846156
384,el retiro Farm,2017-07-01,1311.698533543369,8.36434477170463, -  Per Squared meter,USD,0.03826036802424196,0.022373510869565214,0.042373510869565215
385,el retiro Farm,2017-10-01,1318.476581170519,8.461382764816998, -  Per Squared meter,USD,0.03850526988035755,0.023700913043478263,0.043700913043478264
386,el retiro Farm,2018-01-01,1394.467742281682,8.849062581690832, -  Per Squared meter,USD,0.038075011619322176,0.027541511111111115,0.047541511111111115
387,el retiro Farm,2018-04-01,1430.901181247012,9.09256562646735, -  Per Squared meter,USD,0.03812659775097801,0.02919126373626373,0.04919126373626373
388,el retiro Farm,2018-07-01,1414.775617397486,8.79499132814386, -  Per Squared meter,USD,0.037299164135960135,0.029177945652173912,0.04917794565217391
389,el retiro Farm,2018-10-01,1351.737058177579,8.185770723776017, -  Per Squared meter,USD,0.03633445132359748,0.030362239130434784,0.050362239130434784
390,el retiro Farm,2019-01-01,1388.194414392677,8.36981528870497, -  Per Squared meter,USD,0.0361756906752864,0.026483777777777776,0.04648377777777778
391,el retiro Farm,2019-04-01,1351.827528881496,8.25380060235204, -  Per Squared meter,USD,0.03663396591360103,0.02333271428571428,0.04333271428571428
392,el retiro Farm,2019-07-01,1319.888008011958,8.20102222447254, -  Per Squared meter,USD,0.03728053671837698,0.017925108695652173,0.037925108695652174
393,el retiro Farm,2019-10-01,1320.996387281488,7.755660678652656, -  Per Squared meter,USD,0.03522641281985589,0.01790935869565218,0.03790935869565218
394,el retiro Farm,2020-01-01,1288.802632892658,7.723852974825242, -  Per Squared meter,USD,0.03595827372336791,0.013767076923076927,0.03376707692307693
395,el retiro Farm,2020-04-01,1210.714278059718,7.070377802857388, -  Per Squared meter,USD,0.03503904066046859,0.006787263736263736,0.026787263736263736
396,el retiro Farm,2020-07-01,1258.433797384911,7.3576377240997015, -  Per Squared meter,USD,0.03507997515350864,0.006458163043478262,0.026458163043478262
397,el retiro Farm,2020-10-01,1296.298804836071,7.59339743686191, -  Per Squared meter,USD,0.035146514407943925,0.008540815217391303,0.028540815217391304
398,el retiro Farm,2021-01-01,1346.845290936295,7.918802306267435, -  Per Squared meter,USD,0.03527711323441969,0.013100944444444446,0.03310094444444445
399,el retiro Farm,2021-04-01,1309.426796984164,7.666874207823312, -  Per Squared meter,USD,0.03513082621563014,0.01579798901098901,0.03579798901098901
400,el retiro Farm,2021-07-01,1280.302304011318,7.46458182856396, -  Per Squared meter,USD,0.03498196545539282,0.01318886956521739,0.03318886956521739
401,el retiro Farm,2021-10-01,1288.286844731025,7.333515718562949, -  Per Squared meter,USD,0.03415473385553701,0.015224673913043479,0.03522467391304348
402,el retiro Farm,2022-01-01,1321.436921542891,7.640590386426866, -  Per Squared meter,USD,0.034692191183091,0.019318333333333337,0.03931833333333334
403,el retiro Farm,2022-04-01,1358.718318515966,7.814486119003071, -  Per Squared meter,USD,0.0345081950210473,0.029186923076923072,0.04918692307692307
404,el retiro Farm,2022-07-01,1239.910820488836,7.211606791049454, -  Per Squared meter,USD,0.03489738135298926,0.03082071739130435,0.05082071739130435
405,el retiro Farm,2022-10-01,1162.750676770139,6.840293806800739, -  Per Squared meter,USD,0.03529713089895528,0.03819154347826087,0.058191543478260874
406,el retiro Farm,2023-01-01,1218.095200123702,7.02394130346793, -  Per Squared meter,USD,0.03459799186182471,0.03644471111111111,0.056444711111111115
407,el retiro Farm,2023-04-01,1353.957489160768,7.947011609803132, -  Per Squared meter,USD,0.03521681444250799,0.035932131868131864,0.05593213186813187
408,el retiro Farm,2023-07-01,1521.282292151656,8.724040867754688, -  Per Squared meter,USD,0.03440797640028663,0.0413559347826087,0.0613559347826087
409,el retiro Farm,2023-10-01,1520.760082437432,8.704751940365789, -  Per Squared meter,USD,0.03434368921525368,0.044335195652173906,0.06433519565217391
410,la moraleja Property,2011-04-01,6466.230784740164,16.291162143574006, -  Per Squared meter,EUR,0.015116530188207912,0.021275238095238094,0.027775238095238092
411,la moraleja Property,2011-07-01,5934.956440805622,15.80910551125352, -  Per Squared meter,EUR,0.015982363815739375,0.021141969696969697,0.027641969696969696
412,la moraleja Property,2011-10-01,5759.216818491308,15.338998028256094, -  Per Squared meter,EUR,0.01598029577112638,0.02052390625,0.02702390625
413,la moraleja Property,2012-01-01,5552.576627574625,15.268677586971823, -  Per Squared meter,EUR,0.01649901868384431,0.016710461538461542,0.02321046153846154
414,la moraleja Property,2012-04-01,5192.695109530159,14.852689949805649, -  Per Squared meter,EUR,0.017161827879183383,0.012813225806451611,0.01931322580645161
415,la moraleja Property,2012-07-01,4817.305754909371,13.411239203095903, -  Per Squared meter,EUR,0.016703825605541053,0.008968769230769232,0.01546876923076923
416,la moraleja Property,2012-10-01,4901.301109770349,13.081849558253612, -  Per Squared meter,EUR,0.016014338966658465,0.005987031250000001,0.01248703125
417,la moraleja Property,2013-01-01,4935.889835532445,12.90687104618942, -  Per Squared meter,EUR,0.01568941545649038,0.005715967741935483,0.012215967741935483
418,la moraleja Property,2013-04-01,4847.165446967949,12.92909967467114, -  Per Squared meter,EUR,0.016004115992482193,0.005060476190476191,0.01156047619047619
419,la moraleja Property,2013-07-01,4827.013103871779,12.927822045033484, -  Per Squared meter,EUR,0.016069343629497083,0.005367727272727273,0.011867727272727273
420,la moraleja Property,2013-10-01,5049.103315645707,13.243436906885398, -  Per Squared meter,EUR,0.015737570905924418,0.005300937500000003,0.011800937500000002
421,la moraleja Property,2014-01-01,5065.779581815098,13.203615047956001, -  Per Squared meter,EUR,0.015638597970610957,0.005630158730158729,0.012130158730158729
422,la moraleja Property,2014-04-01,5001.860656654972,14.165455910824475, -  Per Squared meter,EUR,0.016992223754147183,0.005690967741935484,0.012190967741935484
423,la moraleja Property,2014-07-01,4726.203616731123,13.598401196095558, -  Per Squared meter,EUR,0.01726341346947835,0.004399242424242424,0.010899242424242424
424,la moraleja Property,2014-10-01,4470.461895195674,12.931565366743277, -  Per Squared meter,EUR,0.017356012425437203,0.0033371875000000007,0.0098371875
425,la moraleja Property,2015-01-01,4105.548038350651,11.466669907420536, -  Per Squared meter,EUR,0.01675781620428017,0.002545238095238096,0.009045238095238096
426,la moraleja Property,2015-04-01,4034.079545925403,11.04064844801147, -  Per Squared meter,EUR,0.016421067044892077,0.0016938709677419362,0.008193870967741936
427,la moraleja Property,2015-07-01,4079.721794331669,10.990715939219024, -  Per Squared meter,EUR,0.0161639197375999,0.0016080303030303047,0.008108030303030304
428,la moraleja Property,2015-10-01,4071.552575192903,11.05239903733773, -  Per Squared meter,EUR,0.016287249887933605,0.0008872307692307695,0.007387230769230769
429,la moraleja Property,2016-01-01,4145.424521031247,11.068188124322234, -  Per Squared meter,EUR,0.01601986199700796,6.806451612903323e-05,0.006568064516129033
430,la moraleja Property,2016-04-01,4234.84548892781,11.38663757545937, -  Per Squared meter,EUR,0.016132778782928778,-0.00016892307692307606,0.006331076923076924
431,la moraleja Property,2016-07-01,4284.417763672323,11.946945377678393, -  Per Squared meter,EUR,0.016730784956093897,-0.0005369696969696964,0.005963030303030303
432,la moraleja Property,2016-10-01,4191.94556256985,11.342893603707601, -  Per Squared meter,EUR,0.01623526847054841,-0.0007440624999999999,0.0057559375
433,la moraleja Property,2017-01-01,4118.138625884656,11.30979413107048, -  Per Squared meter,EUR,0.01647801857856242,-0.0010335384615384607,0.005466461538461539
434,la moraleja Property,2017-04-01,4393.39027732556,12.216651037293182, -  Per Squared meter,EUR,0.01668413266220906,-0.0013259677419354835,0.005174032258064516
435,la moraleja Property,2017-07-01,4758.384935985251,13.020270264666104, -  Per Squared meter,EUR,0.0164176758793099,-0.0015947692307692303,0.004905230769230769
436,la moraleja Property,2017-10-01,4907.792296410682,13.322546597927289, -  Per Squared meter,EUR,0.01628742105610795,-0.00185984126984127,0.00464015873015873
437,la moraleja Property,2018-01-01,5225.378750841591,13.681070961766487, -  Per Squared meter,EUR,0.01570918199132995,-0.0019026984126984123,0.004597301587301587
438,la moraleja Property,2018-04-01,5182.170796930333,13.538656979691927, -  Per Squared meter,EUR,0.015675272981405673,-0.0018636507936507932,0.0046363492063492065
439,la moraleja Property,2018-07-01,4970.382845893406,13.818289931312975, -  Per Squared meter,EUR,0.016680755217151722,-0.001718,0.004782
440,la moraleja Property,2018-10-01,5036.469914255984,13.929385883904317, -  Per Squared meter,EUR,0.01659422506761311,-0.0014415624999999993,0.0050584375
441,la moraleja Property,2019-01-01,5007.401485563038,14.696088813162138, -  Per Squared meter,EUR,0.0176092396691571,-0.00111126984126984,0.00538873015873016
442,la moraleja Property,2019-04-01,4832.110356804303,14.48616688041594, -  Per Squared meter,EUR,0.01798737919139286,-0.0014508064516129031,0.005049193548387097
443,la moraleja Property,2019-07-01,4758.833438579602,13.746576984897336, -  Per Squared meter,EUR,0.017331865671264626,-0.0032539393939393937,0.003246060606060606
444,la moraleja Property,2019-10-01,4757.382163120541,14.197736177368336, -  Per Squared meter,EUR,0.01790615387693242,-0.0028024999999999994,0.0036975000000000003
445,la moraleja Property,2020-01-01,4769.137085523319,13.466169531809035, -  Per Squared meter,EUR,0.01694164284690263,-0.0026845312499999994,0.0038154687500000003
446,la moraleja Property,2020-04-01,4715.268607964417,13.443191256174487, -  Per Squared meter,EUR,0.017105949680323196,-0.001134677419354838,0.005365322580645162
447,la moraleja Property,2020-07-01,4998.694668546865,15.185904577554107, -  Per Squared meter,EUR,0.018227844168728188,-0.003495757575757575,0.003004242424242425
448,la moraleja Property,2020-10-01,5061.913302814178,15.777947321473341, -  Per Squared meter,EUR,0.0187019568028179,-0.004810923076923076,0.0016890769230769231
449,la moraleja Property,2021-01-01,5136.102742720042,15.934546093238096, -  Per Squared meter,EUR,0.01861475156332166,-0.004969206349206349,0.0015307936507936509
450,la moraleja Property,2021-04-01,5212.462781166213,16.29090298570245, -  Per Squared meter,EUR,0.01875225244147366,-0.004826666666666666,0.001673333333333334
451,la moraleja Property,2021-07-01,5160.807618340158,15.207817471598368, -  Per Squared meter,EUR,0.017680741383445997,-0.004937575757575757,0.0015624242424242423
452,la moraleja Property,2021-10-01,5246.609311235259,14.981311997182406, -  Per Squared meter,EUR,0.017132564414622152,-0.004889545454545454,0.0016104545454545456
453,la moraleja Property,2022-01-01,5310.647575796237,15.60103770204251, -  Per Squared meter,EUR,0.017626141610088006,-0.0034648437499999996,0.00303515625
454,la moraleja Property,2022-04-01,5420.018843451478,15.098982559550297, -  Per Squared meter,EUR,0.016714682729702734,0.004016190476190478,0.010516190476190478
455,la moraleja Property,2022-07-01,5333.944724723912,14.205411402555617, -  Per Squared meter,EUR,0.01597925603170651,0.014952424242424246,0.021452424242424245
456,la moraleja Property,2022-10-01,5636.124013247884,14.711276468718712, -  Per Squared meter,EUR,0.015661056890309086,0.028253281249999998,0.03475328125
457,la moraleja Property,2023-01-01,5992.808527978107,15.94450898110448, -  Per Squared meter,EUR,0.015963642662700533,0.035070615384615395,0.04157061538461539
458,la moraleja Property,2023-04-01,6119.868076951132,16.513267061249717, -  Per Squared meter,EUR,0.01618982649979915,0.03883016129032258,0.04533016129032258
459,la moraleja Property,2023-07-01,6230.998832729683,16.425824843954253, -  Per Squared meter,EUR,0.01581687811367322,0.04122169230769231,0.04772169230769231
460,la moraleja Property,2023-10-01,6225.534658245724,16.89546195711053, -  Per Squared meter,EUR,0.01628338404772912,0.03966809523809524,0.04616809523809524
461,la volcana Apartments,2003-07-01,582.3481141061385,6.736955026241457, -  Per Squared meter,USD,0.06941162713215467,0.04193382608695652,0.06193382608695652
462,la volcana Apartments,2003-10-01,601.5870976588818,6.918665891977493, -  Per Squared meter,USD,0.06900413175982627,0.04262122826086956,0.06262122826086956
463,la volcana Apartments,2004-01-01,653.7766795658572,7.3540755897226795, -  Per Squared meter,USD,0.0674916296611208,0.039974626373626365,0.05997462637362637
464,la volcana Apartments,2004-04-01,683.128724084055,7.678379798967221, -  Per Squared meter,USD,0.06744011365584833,0.04577706593406593,0.06577706593406593
465,la volcana Apartments,2004-07-01,729.6160736615642,8.036168269611506, -  Per Squared meter,USD,0.06608545419742866,0.042859152173913034,0.06285915217391304
466,la volcana Apartments,2004-10-01,770.5005502338357,8.36947223278807, -  Per Squared meter,USD,0.06517429920262657,0.04158758695652173,0.06158758695652174
467,la volcana Apartments,2005-01-01,837.7331090251773,9.29250653037015, -  Per Squared meter,USD,0.06655465634765217,0.04289902222222222,0.06289902222222223
468,la volcana Apartments,2005-04-01,860.5834953515326,9.163278871627368, -  Per Squared meter,USD,0.06388650668614788,0.0414963846153846,0.061496384615384606
469,la volcana Apartments,2005-07-01,885.554023247959,9.40959890510914, -  Per Squared meter,USD,0.06375397993629403,0.041970032608695654,0.06197003260869566
470,la volcana Apartments,2005-10-01,911.6517585094917,9.688894044927757, -  Per Squared meter,USD,0.06376707303741934,0.044725456521739135,0.06472545652173914
471,la volcana Apartments,2006-01-01,934.6394983229825,9.713926399262458, -  Per Squared meter,USD,0.06235940006831785,0.0455748,0.0655748
472,la volcana Apartments,2006-04-01,885.957315664983,9.280184850207016, -  Per Squared meter,USD,0.06284852341836458,0.05059930769230769,0.0705993076923077
473,la volcana Apartments,2006-07-01,913.0633523383855,9.408848549625244, -  Per Squared meter,USD,0.06182823037763286,0.04888030434782609,0.06888030434782609
474,la volcana Apartments,2006-10-01,986.1246830893824,9.937885983187641, -  Per Squared meter,USD,0.06046630504402578,0.046273163043478255,0.06627316304347826
475,la volcana Apartments,2007-01-01,1066.580593215671,10.57692730736274, -  Per Squared meter,USD,0.059500017390007036,0.04678804444444444,0.06678804444444444
476,la volcana Apartments,2007-04-01,1224.272430213052,11.853271481825615, -  Per Squared meter,USD,0.05809134236452357,0.048424120879120874,0.06842412087912088
477,la volcana Apartments,2007-07-01,1277.778342845547,11.774910027962852, -  Per Squared meter,USD,0.05529085741932702,0.04731413043478261,0.06731413043478261
478,la volcana Apartments,2007-10-01,1334.037802670819,12.083485204811979, -  Per Squared meter,USD,0.05434696909167113,0.04256776086956521,0.06256776086956521
479,la volcana Apartments,2008-01-01,1440.343841919544,12.939388387209606, -  Per Squared meter,USD,0.05390124778802249,0.036362956043956035,0.05636295604395604
480,la volcana Apartments,2008-04-01,1604.068025626208,14.279474090158264, -  Per Squared meter,USD,0.05341222639700858,0.03861756043956044,0.05861756043956044
481,la volcana Apartments,2008-07-01,1548.515472737788,13.507932056580982, -  Per Squared meter,USD,0.05233889732867382,0.0385636847826087,0.058563684782608705
482,la volcana Apartments,2008-10-01,1337.448634152764,11.25200114942943, -  Per Squared meter,USD,0.05047820542232901,0.03215653260869565,0.052156532608695655
483,la volcana Apartments,2009-01-01,1295.014539716484,10.822845882273592, -  Per Squared meter,USD,0.05014389669158321,0.02706626666666667,0.04706626666666667
484,la volcana Apartments,2009-04-01,1432.848531821046,11.759630042535292, -  Per Squared meter,USD,0.049243013960127355,0.0330422967032967,0.0530422967032967
485,la volcana Apartments,2009-07-01,1605.075218980913,13.358207001228049, -  Per Squared meter,USD,0.049934882215835516,0.03501017391304348,0.055010173913043484
486,la volcana Apartments,2009-10-01,1659.589171183425,13.495570001156869, -  Per Squared meter,USD,0.04879124388911289,0.03446005434782608,0.05446005434782608
487,la volcana Apartments,2010-01-01,1708.526618981625,14.10683272950608, -  Per Squared meter,USD,0.04954034396460684,0.037015599999999996,0.0570156
488,la volcana Apartments,2010-04-01,1736.490420499519,13.784647544322851, -  Per Squared meter,USD,0.04762933575075257,0.03472313186813186,0.054723131868131866
489,la volcana Apartments,2010-07-01,1903.725189309615,14.760833775030534, -  Per Squared meter,USD,0.04652194715262514,0.027772521739130435,0.047772521739130436
490,la volcana Apartments,2010-10-01,1909.332507153445,14.706027659453936, -  Per Squared meter,USD,0.046213095742172076,0.02846854347826087,0.04846854347826087
491,la volcana Apartments,2011-01-01,1943.353690783568,14.805163749514282, -  Per Squared meter,USD,0.04571014680362621,0.034341344444444435,0.05434134444444444
492,la volcana Apartments,2011-04-01,2076.509020920179,15.697461870601275, -  Per Squared meter,USD,0.04535726561971344,0.03185416483516483,0.051854164835164834
493,la volcana Apartments,2011-07-01,2125.779858265736,15.776005440552607, -  Per Squared meter,USD,0.044527674055834916,0.024121673913043474,0.044121673913043474
494,la volcana Apartments,2011-10-01,2037.775587717996,14.778423635634457, -  Per Squared meter,USD,0.0435133988002597,0.02037721739130435,0.04037721739130435
495,la volcana Apartments,2012-01-01,2236.254914510668,16.105385925762164, -  Per Squared meter,USD,0.04321167275141252,0.02017664835164835,0.04017664835164835
496,la volcana Apartments,2012-04-01,2320.095206985216,16.3536132135567, -  Per Squared meter,USD,0.04229209171499548,0.018039802197802202,0.0380398021978022
497,la volcana Apartments,2012-07-01,2366.836029462077,16.09901089954652, -  Per Squared meter,USD,0.04081147328961041,0.016254673913043475,0.036254673913043475
498,la volcana Apartments,2012-10-01,2411.55349209991,16.062885600175573, -  Per Squared meter,USD,0.039964825129021254,0.016895326086956524,0.036895326086956524
499,la volcana Apartments,2013-01-01,2499.032244490252,16.501085346815493, -  Per Squared meter,USD,0.03961794102464177,0.019283033333333335,0.039283033333333335
500,la volcana Apartments,2013-04-01,2479.8979440259,15.825834297529997, -  Per Squared meter,USD,0.03828988447445089,0.019750263736263738,0.03975026373626374
501,la volcana Apartments,2013-07-01,2478.500829547617,15.4106496818587, -  Per Squared meter,USD,0.03730638174046082,0.026953282608695655,0.046953282608695655
502,la volcana Apartments,2013-10-01,2513.65926076729,15.482515759849626, -  Per Squared meter,USD,0.036956120508848,0.02733794565217391,0.04733794565217391
503,la volcana Apartments,2014-01-01,2480.645164257003,14.659816856270243, -  Per Squared meter,USD,0.035458074538430286,0.02755097777777778,0.04755097777777778
504,la volcana Apartments,2014-04-01,2667.711330067219,15.697287946786357, -  Per Squared meter,USD,0.035305067163449416,0.02608876923076924,0.04608876923076924
505,la volcana Apartments,2014-07-01,2691.5896815316,15.91165269929085, -  Per Squared meter,USD,0.03546971399497255,0.02486604347826087,0.04486604347826087
506,la volcana Apartments,2014-10-01,2398.478992815581,14.050928059843798, -  Per Squared meter,USD,0.0351495963114925,0.022648728260869565,0.042648728260869566
507,la volcana Apartments,2015-01-01,2159.886593069071,12.703779847197573, -  Per Squared meter,USD,0.03529013019839969,0.019670200000000002,0.0396702
508,la volcana Apartments,2015-04-01,2178.009589629661,12.583762569785328, -  Per Squared meter,USD,0.0346658599568196,0.021531857142857148,0.04153185714285715
509,la volcana Apartments,2015-07-01,1867.263664813019,10.79650126746663, -  Per Squared meter,USD,0.03469194459545514,0.022143967391304354,0.042143967391304354
510,la volcana Apartments,2015-10-01,1826.230303920638,10.655409877227298, -  Per Squared meter,USD,0.03500788434301552,0.021806923913043483,0.041806923913043484
511,la volcana Apartments,2016-01-01,1390.513880904294,10.344436758681562, -  Per Squared meter,USD,0.04463574323452675,0.019168879120879122,0.03916887912087912
512,la volcana Apartments,2016-04-01,1352.411155762954,11.185025207196448, -  Per Squared meter,USD,0.04962259513847247,0.017444373626373622,0.03744437362637362
513,la volcana Apartments,2016-07-01,1401.13051532918,11.713393609475398, -  Per Squared meter,USD,0.05015975377592915,0.015583554347826083,0.035583554347826084
514,la volcana Apartments,2016-10-01,1390.903461630444,11.581260374000763, -  Per Squared meter,USD,0.04995858027598113,0.021299489130434782,0.04129948913043478
515,la volcana Apartments,2017-01-01,1461.007140184295,12.061112606507331, -  Per Squared meter,USD,0.049532047892603376,0.02442081111111111,0.04442081111111111
516,la volcana Apartments,2017-04-01,1479.127599151355,12.445215186254968, -  Per Squared meter,USD,0.05048333298653357,0.022559846153846156,0.042559846153846156
517,la volcana Apartments,2017-07-01,1478.897027479166,11.994854762836754, -  Per Squared meter,USD,0.048664056550099734,0.022373510869565214,0.042373510869565215
518,la volcana Apartments,2017-10-01,1490.844002220675,11.99855961887588, -  Per Squared meter,USD,0.04828899442599032,0.023700913043478263,0.043700913043478264
519,la volcana Apartments,2018-01-01,1587.277145441544,12.81482930741551, -  Per Squared meter,USD,0.04844080069149129,0.027541511111111115,0.047541511111111115
520,la volcana Apartments,2018-04-01,1629.641240381373,12.967699601563387, -  Per Squared meter,USD,0.0477443720012706,0.02919126373626373,0.04919126373626373
521,la volcana Apartments,2018-07-01,1598.538313356513,12.524309866557422, -  Per Squared meter,USD,0.0470091073648137,0.029177945652173912,0.04917794565217391
522,la volcana Apartments,2018-10-01,1517.433131418682,11.674287961682982, -  Per Squared meter,USD,0.04616066851302409,0.030362239130434784,0.050362239130434784
523,la volcana Apartments,2019-01-01,1566.767931539434,11.964921859345791, -  Per Squared meter,USD,0.045820143309633396,0.026483777777777776,0.04648377777777778
524,la volcana Apartments,2019-04-01,1538.817996537704,11.81049053467157, -  Per Squared meter,USD,0.04605024334747124,0.02333271428571428,0.04333271428571428
525,la volcana Apartments,2019-07-01,1504.013111460903,11.463163497652989, -  Per Squared meter,USD,0.045730306778449824,0.017925108695652173,0.037925108695652174
526,la volcana Apartments,2019-10-01,1493.906685302618,11.309125735096469, -  Per Squared meter,USD,0.045421012622909304,0.01790935869565218,0.03790935869565218
527,la volcana Apartments,2020-01-01,1454.903948466098,11.011366368403003, -  Per Squared meter,USD,0.045410694142437084,0.013767076923076927,0.03376707692307693
528,la volcana Apartments,2020-04-01,1359.653215391645,10.388565367666573, -  Per Squared meter,USD,0.04584359563187957,0.006787263736263736,0.026787263736263736
529,la volcana Apartments,2020-07-01,1405.673876217208,10.379302093416475, -  Per Squared meter,USD,0.04430317274451207,0.006458163043478262,0.026458163043478262
530,la volcana Apartments,2020-10-01,1438.460393917363,10.863889271226693, -  Per Squared meter,USD,0.04531465440619203,0.008540815217391303,0.028540815217391304
531,la volcana Apartments,2021-01-01,1492.137518666163,11.173443318668776, -  Per Squared meter,USD,0.044929277009227,0.013100944444444446,0.03310094444444445
532,la volcana Apartments,2021-04-01,1459.198321324668,11.154255304892725, -  Per Squared meter,USD,0.0458645893785027,0.01579798901098901,0.03579798901098901
533,la volcana Apartments,2021-07-01,1428.397936020429,10.665078106972718, -  Per Squared meter,USD,0.04479876862614083,0.01318886956521739,0.03318886956521739
534,la volcana Apartments,2021-10-01,1438.069895755949,10.550981413976972, -  Per Squared meter,USD,0.04402142668495532,0.015224673913043479,0.03522467391304348
535,la volcana Apartments,2022-01-01,1458.676634446371,10.931848780929334, -  Per Squared meter,USD,0.04496616394384803,0.019318333333333337,0.03931833333333334
536,la volcana Apartments,2022-04-01,1488.194525704484,11.095894268428255, -  Per Squared meter,USD,0.04473566087004249,0.029186923076923072,0.04918692307692307
537,la volcana Apartments,2022-07-01,1354.991646612881,10.492472489456443, -  Per Squared meter,USD,0.04646141922284836,0.03082071739130435,0.05082071739130435
538,la volcana Apartments,2022-10-01,1257.450287986196,9.70253377934622, -  Per Squared meter,USD,0.04629622596795366,0.03819154347826087,0.058191543478260874
539,la volcana Apartments,2023-01-01,1309.396981747649,10.251939454105045, -  Per Squared meter,USD,0.046977072333350606,0.03644471111111111,0.056444711111111115
540,la volcana Apartments,2023-04-01,1451.185401637936,11.299332903283004, -  Per Squared meter,USD,0.046717667737821426,0.035932131868131864,0.05593213186813187
541,la volcana Apartments,2023-07-01,1632.796658879932,12.656825297857829, -  Per Squared meter,USD,0.04650974227203591,0.0413559347826087,0.0613559347826087
542,la volcana Apartments,2023-10-01,1634.243681581129,12.620470085466666, -  Per Squared meter,USD,0.046335085376948346,0.044335195652173906,0.06433519565217391
543,lagasca Property,2009-04-01,6728.219472238592,21.42683359795757, -  Per Squared meter,EUR,0.019107730078990873,0.01673209677419355,0.02323209677419355
544,lagasca Property,2009-07-01,6752.030687621123,20.996146354302276, -  Per Squared meter,EUR,0.01865762819425186,0.013369393939393941,0.01986939393939394
545,lagasca Property,2009-10-01,7035.660829009501,21.641737029856902, -  Per Squared meter,EUR,0.018456037795872845,0.012386615384615385,0.018886615384615384
546,lagasca Property,2010-01-01,6513.324738574713,20.054128688985465, -  Per Squared meter,EUR,0.01847363320015317,0.012237301587301592,0.01873730158730159
547,lagasca Property,2010-04-01,5990.513913970898,18.856790576303627, -  Per Squared meter,EUR,0.01888665064176853,0.01252825396825397,0.01902825396825397
548,lagasca Property,2010-07-01,6119.7280190512,18.07661770759085, -  Per Squared meter,EUR,0.017722961855151306,0.014049545454545457,0.020549545454545456
549,lagasca Property,2010-10-01,6358.39433702571,19.21518461020473, -  Per Squared meter,EUR,0.018132110333244685,0.015211060606060606,0.021711060606060605
550,lagasca Property,2011-01-01,6350.340612728274,19.386974455062067, -  Per Squared meter,EUR,0.018317418517240364,0.01735671875,0.02385671875
551,lagasca Property,2011-04-01,6631.317870234496,20.313376144784662, -  Per Squared meter,EUR,0.018379492470988735,0.021275238095238094,0.027775238095238092
552,lagasca Property,2011-07-01,6372.700075506965,19.49681167683545, -  Per Squared meter,EUR,0.01835656294427234,0.021141969696969697,0.027641969696969696
553,lagasca Property,2011-10-01,5994.488480835537,19.03269585883177, -  Per Squared meter,EUR,0.019050195111405644,0.02052390625,0.02702390625
554,lagasca Property,2012-01-01,5756.348930964906,17.858521515643535, -  Per Squared meter,EUR,0.018614425633141744,0.016710461538461542,0.02321046153846154
555,lagasca Property,2012-04-01,5431.272620532038,17.109278510318767, -  Per Squared meter,EUR,0.01890085035942398,0.012813225806451611,0.01931322580645161
556,lagasca Property,2012-07-01,5224.102317445024,16.697753560825582, -  Per Squared meter,EUR,0.019177748688113786,0.008968769230769232,0.01546876923076923
557,lagasca Property,2012-10-01,5400.039101083138,17.08675822572529, -  Per Squared meter,EUR,0.01898514944711941,0.005987031250000001,0.01248703125
558,lagasca Property,2013-01-01,5491.408358280394,16.96567226129432, -  Per Squared meter,EUR,0.01853696300226381,0.005715967741935483,0.012215967741935483
559,lagasca Property,2013-04-01,5343.685224984254,16.602030746048, -  Per Squared meter,EUR,0.018641102587883353,0.005060476190476191,0.01156047619047619
560,lagasca Property,2013-07-01,5325.003196151484,16.91239675165019, -  Per Squared meter,EUR,0.01905621025415332,0.005367727272727273,0.011867727272727273
561,lagasca Property,2013-10-01,5470.164411702429,17.74033132663152, -  Per Squared meter,EUR,0.01945864510618286,0.005300937500000003,0.011800937500000002
562,lagasca Property,2014-01-01,5555.043711323978,17.437622879088323, -  Per Squared meter,EUR,0.018834367956682318,0.005630158730158729,0.012130158730158729
563,lagasca Property,2014-04-01,5549.039162048502,17.85149928713001, -  Per Squared meter,EUR,0.019302259831815525,0.005690967741935484,0.012190967741935484
564,lagasca Property,2014-07-01,5420.98688867796,17.34422626078298, -  Per Squared meter,EUR,0.019196755074623827,0.004399242424242424,0.010899242424242424
565,lagasca Property,2014-10-01,5155.055994767157,16.362219435295753, -  Per Squared meter,EUR,0.019044083461252255,0.0033371875000000007,0.0098371875
566,lagasca Property,2015-01-01,4634.267276631985,15.097782057695646, -  Per Squared meter,EUR,0.019547144551405538,0.002545238095238096,0.009045238095238096
567,lagasca Property,2015-04-01,4643.783622858264,14.860108451702157, -  Per Squared meter,EUR,0.01920000110929679,0.0016938709677419362,0.008193870967741936
568,lagasca Property,2015-07-01,4733.471069318646,15.180007512486648, -  Per Squared meter,EUR,0.019241703126756472,0.0016080303030303047,0.008108030303030304
569,lagasca Property,2015-10-01,4728.195764454369,15.13404660242811, -  Per Squared meter,EUR,0.01920484771320534,0.0008872307692307695,0.007387230769230769
570,lagasca Property,2016-01-01,4760.065548062589,15.597730072034311, -  Per Squared meter,EUR,0.019660733552355553,6.806451612903323e-05,0.006568064516129033
571,lagasca Property,2016-04-01,4858.159339222402,16.330732978504113, -  Per Squared meter,EUR,0.020169037495321854,-0.00016892307692307606,0.006331076923076924
572,lagasca Property,2016-07-01,4850.98616291457,15.899089768594727, -  Per Squared meter,EUR,0.019664978502897525,-0.0005369696969696964,0.005963030303030303
573,lagasca Property,2016-10-01,4782.173222120991,16.197052833461107, -  Per Squared meter,EUR,0.020321789380449148,-0.0007440624999999999,0.0057559375
574,lagasca Property,2017-01-01,4863.437209755314,16.387522648537026, -  Per Squared meter,EUR,0.020217210925227307,-0.0010335384615384607,0.005466461538461539
575,lagasca Property,2017-04-01,5091.40555503149,17.41183360975215, -  Per Squared meter,EUR,0.020519088595343054,-0.0013259677419354835,0.005174032258064516
576,lagasca Property,2017-07-01,5708.887013321564,18.601566635998978, -  Per Squared meter,EUR,0.019550115382482743,-0.0015947692307692303,0.004905230769230769
577,lagasca Property,2017-10-01,5883.775949628582,19.327272470620386, -  Per Squared meter,EUR,0.019709050075409927,-0.00185984126984127,0.00464015873015873
578,lagasca Property,2018-01-01,6436.152232276304,20.83126245303734, -  Per Squared meter,EUR,0.019419611315504747,-0.0019026984126984123,0.004597301587301587
579,lagasca Property,2018-04-01,6431.054103930019,20.714403247238774, -  Per Squared meter,EUR,0.019325979454516046,-0.0018636507936507932,0.0046363492063492065
580,lagasca Property,2018-07-01,6504.8010117187,20.092135689226012, -  Per Squared meter,EUR,0.01853289807300402,-0.001718,0.004782
581,lagasca Property,2018-10-01,6479.317602381707,19.682328192876007, -  Per Squared meter,EUR,0.018226297336288368,-0.0014415624999999993,0.0050584375
582,lagasca Property,2019-01-01,6505.45855887056,19.84848105451508, -  Per Squared meter,EUR,0.018306301584951813,-0.00111126984126984,0.00538873015873016
583,lagasca Property,2019-04-01,6525.465207057171,19.842222238718943, -  Per Squared meter,EUR,0.01824442084275611,-0.0014508064516129031,0.005049193548387097
584,lagasca Property,2019-07-01,6412.904067822784,19.478941500977115, -  Per Squared meter,EUR,0.018224761788077384,-0.0032539393939393937,0.003246060606060606
585,lagasca Property,2019-10-01,6380.94493546866,19.422621791676818, -  Per Squared meter,EUR,0.018263083591631358,-0.0028024999999999994,0.0036975000000000003
586,lagasca Property,2020-01-01,6357.379872729029,18.825922761004282, -  Per Squared meter,EUR,0.017767624214271995,-0.0026845312499999994,0.0038154687500000003
587,lagasca Property,2020-04-01,6391.849329348808,19.50428183602401, -  Per Squared meter,EUR,0.018308580973398266,-0.001134677419354838,0.005365322580645162
588,lagasca Property,2020-07-01,6683.24502780297,20.399846442413093, -  Per Squared meter,EUR,0.018314318590039135,-0.003495757575757575,0.003004242424242425
589,lagasca Property,2020-10-01,6766.83660257651,19.377360529197915, -  Per Squared meter,EUR,0.01718146454591785,-0.004810923076923076,0.0016890769230769231
590,lagasca Property,2021-01-01,6857.914685495459,19.05656045182166, -  Per Squared meter,EUR,0.016672613754259522,-0.004969206349206349,0.0015307936507936509
591,lagasca Property,2021-04-01,6982.088873731698,18.9040349595641, -  Per Squared meter,EUR,0.01624502520787351,-0.004826666666666666,0.001673333333333334
592,lagasca Property,2021-07-01,6997.751853961578,18.761733571253608, -  Per Squared meter,EUR,0.01608665236733039,-0.004937575757575757,0.0015624242424242423
593,lagasca Property,2021-10-01,6782.509108878713,18.624603170155748, -  Per Squared meter,EUR,0.016475852406102946,-0.004889545454545454,0.0016104545454545456
594,lagasca Property,2022-01-01,6807.13157038482,18.789211641920144, -  Per Squared meter,EUR,0.016561347270264044,-0.0034648437499999996,0.00303515625
595,lagasca Property,2022-04-01,6755.50410457693,18.467712211686717, -  Per Squared meter,EUR,0.016402369320603002,0.004016190476190478,0.010516190476190478
596,lagasca Property,2022-07-01,6492.797730082851,17.993738067995647, -  Per Squared meter,EUR,0.016628028916988336,0.014952424242424246,0.021452424242424245
597,lagasca Property,2022-10-01,6580.976617725745,18.840264330990042, -  Per Squared meter,EUR,0.01717702288767669,0.028253281249999998,0.03475328125
598,lagasca Property,2023-01-01,6910.597049780065,20.233233085222313, -  Per Squared meter,EUR,0.01756713604292664,0.035070615384615395,0.04157061538461539
599,lagasca Property,2023-04-01,7132.283526658511,21.678606611486202, -  Per Squared meter,EUR,0.018237025937449802,0.03883016129032258,0.04533016129032258
600,lagasca Property,2023-07-01,7294.270858351987,22.01465094090034, -  Per Squared meter,EUR,0.01810844541016194,0.04122169230769231,0.04772169230769231
601,lagasca Property,2023-10-01,7385.972599375407,22.893082950359236, -  Per Squared meter,EUR,0.018597211924909,0.03966809523809524,0.04616809523809524
