date,fc,fc_lower,fc_upper,yy,k,chosen_param,date_forecast
2023-10-01,74740.7804,74740.7804,74740.7804,price,Patricia Manor Place,"1, 0, 0",2023-10-01
2024-01-01,73868.11082097341,73697.42258602487,73933.0799052957,price,Patricia Manor Place,"1, 0, 0",2023-10-01
2024-04-01,73199.31756156476,73060.91766643143,73295.84540792607,price,Patricia Manor Place,"1, 0, 0",2023-10-01
2024-07-01,72755.64519393045,72584.29319669653,72903.87058089419,price,Patricia Manor Place,"1, 0, 0",2023-10-01
2024-10-01,72523.2635919812,72444.99580593134,72577.84310389282,price,Patricia Manor Place,"1, 0, 0",2023-10-01
2025-01-01,72382.22766034202,72182.74462828475,72400.95690953633,price,Patricia Manor Place,"1, 0, 0",2023-10-01
2025-04-01,72378.53412397511,72247.33046989354,72449.53541333167,price,Patricia Manor Place,"1, 0, 0",2023-10-01
2025-07-01,72508.30836058261,72401.33812104432,72465.8139298699,price,Patricia Manor Place,"1, 0, 0",2023-10-01
2025-10-01,72681.48402356947,72604.56673665666,72787.22490797125,price,Patricia Manor Place,"1, 0, 0",2023-10-01
2026-01-01,72960.89750332615,72911.54634967748,73058.31722462656,price,Patricia Manor Place,"1, 0, 0",2023-10-01
2026-04-01,73295.18339234366,73277.29631838054,73435.3832315938,price,Patricia Manor Place,"1, 0, 0",2023-10-01
2026-07-01,73648.17759632389,73727.45655921454,73905.01578407334,price,Patricia Manor Place,"1, 0, 0",2023-10-01
2026-10-01,74120.72764646106,74104.2087547873,74329.81321715032,price,Patricia Manor Place,"1, 0, 0",2023-10-01
2027-01-01,74580.62399598167,74627.42602014374,74792.65632076775,price,Patricia Manor Place,"1, 0, 0",2023-10-01
2027-04-01,75035.74362072509,75204.87484910944,75349.36590408129,price,Patricia Manor Place,"1, 0, 0",2023-10-01
2027-07-01,75666.22384933855,75823.97131132057,75940.175909627,price,Patricia Manor Place,"1, 0, 0",2023-10-01
2027-10-01,76326.95688823059,76339.06337512845,76424.97080354675,price,Patricia Manor Place,"1, 0, 0",2023-10-01
2028-01-01,76942.13671332125,77050.62774010259,77031.47065542483,price,Patricia Manor Place,"1, 0, 0",2023-10-01
2028-04-01,77614.20612727733,77759.68265807736,77690.58868185172,price,Patricia Manor Place,"1, 0, 0",2023-10-01
2028-07-01,78332.20078928173,78577.68846013435,78346.69158554239,price,Patricia Manor Place,"1, 0, 0",2023-10-01
2028-10-01,79033.83552194889,79328.68118039134,79224.65573584168,price,Patricia Manor Place,"1, 0, 0",2023-10-01
2023-10-01,882.841639085221,882.841639085221,882.841639085221,ef_r,Patricia Manor Place,"1, 0, 0",2023-10-01
2024-01-01,882.7780209864178,881.2279140913053,884.3281278815303,ef_r,Patricia Manor Place,"1, 0, 0",2023-10-01
2024-04-01,886.7160448952638,883.4575006134006,889.980575237335,ef_r,Patricia Manor Place,"1, 0, 0",2023-10-01
2024-07-01,890.7463426423193,885.7365332515864,895.774986542104,ef_r,Patricia Manor Place,"1, 0, 0",2023-10-01
2024-10-01,899.014343684777,892.2107397733289,905.8567597914695,ef_r,Patricia Manor Place,"1, 0, 0",2023-10-01
2025-01-01,907.0004056510969,898.3739355118687,915.6929884317442,ef_r,Patricia Manor Place,"1, 0, 0",2023-10-01
2025-04-01,914.799682552578,904.3239322749606,925.3763347713633,ef_r,Patricia Manor Place,"1, 0, 0",2023-10-01
2025-07-01,922.7328791805251,910.3793197506592,935.2298155627146,ef_r,Patricia Manor Place,"1, 0, 0",2023-10-01
2025-10-01,930.3232193622767,916.0690898582653,944.7710109260513,ef_r,Patricia Manor Place,"1, 0, 0",2023-10-01
2026-01-01,938.0297887673636,921.847343592725,954.4642179236475,ef_r,Patricia Manor Place,"1, 0, 0",2023-10-01
2026-04-01,945.8347409407755,927.6959827934979,964.2920340377907,ef_r,Patricia Manor Place,"1, 0, 0",2023-10-01
2026-07-01,953.7009645399332,933.5781266709016,974.2173041756711,ef_r,Patricia Manor Place,"1, 0, 0",2023-10-01
2026-10-01,961.6775981373585,939.5416061456531,984.2906904138747,ef_r,Patricia Manor Place,"1, 0, 0",2023-10-01
2027-01-01,969.7159921624764,945.5383374947777,994.4631640112976,ef_r,Patricia Manor Place,"1, 0, 0",2023-10-01
2027-04-01,977.818264291929,951.5701135942393,1004.7373713233452,ef_r,Patricia Manor Place,"1, 0, 0",2023-10-01
2027-07-01,985.9887739899922,957.640893677681,1015.1182812110271,ef_r,Patricia Manor Place,"1, 0, 0",2023-10-01
2027-10-01,994.222878567673,963.7458615484016,1025.6016313861955,ef_r,Patricia Manor Place,"1, 0, 0",2023-10-01
2028-01-01,1002.5263026063992,969.8902871173979,1036.1938184817639,ef_r,Patricia Manor Place,"1, 0, 0",2023-10-01
2028-04-01,1010.8994387330571,976.074239616589,1046.8957761997444,ef_r,Patricia Manor Place,"1, 0, 0",2023-10-01
2028-07-01,1019.3424574945857,982.2975721868831,1057.7082133788797,ef_r,Patricia Manor Place,"1, 0, 0",2023-10-01
2028-10-01,1027.8564889408528,988.5610626333948,1068.6328378156454,ef_r,Patricia Manor Place,"1, 0, 0",2023-10-01
2023-10-01,75850.7831,75850.7831,75850.7831,price,Regency - Tanglewood - Marquee - Wildwood,"1, 0, 0",2023-10-01
2024-01-01,75794.21352202324,74622.38835915782,76553.99647916718,price,Regency - Tanglewood - Marquee - Wildwood,"1, 0, 0",2023-10-01
2024-04-01,75912.51927920649,74476.89494556257,76946.93007013909,price,Regency - Tanglewood - Marquee - Wildwood,"1, 0, 0",2023-10-01
2024-07-01,76089.13082911039,74494.60453699257,77584.98129572779,price,Regency - Tanglewood - Marquee - Wildwood,"1, 0, 0",2023-10-01
2024-10-01,76458.73955121949,74639.61556814112,78201.73718401861,price,Regency - Tanglewood - Marquee - Wildwood,"1, 0, 0",2023-10-01
2025-01-01,76980.31423519959,75012.72882041875,78979.98814417742,price,Regency - Tanglewood - Marquee - Wildwood,"1, 0, 0",2023-10-01
2025-04-01,77545.56864900484,75222.37956412211,79761.37519711173,price,Regency - Tanglewood - Marquee - Wildwood,"1, 0, 0",2023-10-01
2025-07-01,78118.72342680492,75760.04711742255,80605.14047421038,price,Regency - Tanglewood - Marquee - Wildwood,"1, 0, 0",2023-10-01
2025-10-01,78728.78926401531,76262.30660568751,81382.41978977185,price,Regency - Tanglewood - Marquee - Wildwood,"1, 0, 0",2023-10-01
2026-01-01,79300.02708464794,76665.46234446883,82289.53533398053,price,Regency - Tanglewood - Marquee - Wildwood,"1, 0, 0",2023-10-01
2026-04-01,80008.70962896227,77141.99530237458,82899.62812270282,price,Regency - Tanglewood - Marquee - Wildwood,"1, 0, 0",2023-10-01
2026-07-01,80701.48502582325,77681.68983268244,83824.41190401163,price,Regency - Tanglewood - Marquee - Wildwood,"1, 0, 0",2023-10-01
2026-10-01,81343.59227829067,78111.41997138724,84559.07006198993,price,Regency - Tanglewood - Marquee - Wildwood,"1, 0, 0",2023-10-01
2027-01-01,82013.02169199681,78715.97863771381,85418.01033833127,price,Regency - Tanglewood - Marquee - Wildwood,"1, 0, 0",2023-10-01
2027-04-01,82702.2674017032,79439.50664335744,86414.52811124067,price,Regency - Tanglewood - Marquee - Wildwood,"1, 0, 0",2023-10-01
2027-07-01,83307.63966355362,80059.05948658315,87060.61238404698,price,Regency - Tanglewood - Marquee - Wildwood,"1, 0, 0",2023-10-01
2027-10-01,84107.65372055516,80737.29446477938,87934.29273153911,price,Regency - Tanglewood - Marquee - Wildwood,"1, 0, 0",2023-10-01
2028-01-01,84818.7714706714,81169.54986648417,88585.66947614064,price,Regency - Tanglewood - Marquee - Wildwood,"1, 0, 0",2023-10-01
2028-04-01,85484.55870041867,81595.94571153683,89624.69810617887,price,Regency - Tanglewood - Marquee - Wildwood,"1, 0, 0",2023-10-01
2028-07-01,86162.84132996268,82206.6968529998,90321.76060194035,price,Regency - Tanglewood - Marquee - Wildwood,"1, 0, 0",2023-10-01
2028-10-01,86831.28461309957,82610.6053655465,91199.9250678509,price,Regency - Tanglewood - Marquee - Wildwood,"1, 0, 0",2023-10-01
2023-10-01,910.265499831922,910.265499831922,910.265499831922,ef_r,Regency - Tanglewood - Marquee - Wildwood,"1, 0, 0",2023-10-01
2024-01-01,927.4069067300586,925.0422805917311,926.8468812288553,ef_r,Regency - Tanglewood - Marquee - Wildwood,"1, 0, 0",2023-10-01
2024-04-01,949.584160099588,950.9217496001665,946.7950732179224,ef_r,Regency - Tanglewood - Marquee - Wildwood,"1, 0, 0",2023-10-01
2024-07-01,968.4383051442929,972.90975592248,963.41091024237,ef_r,Regency - Tanglewood - Marquee - Wildwood,"1, 0, 0",2023-10-01
2024-10-01,980.4251928568291,988.3549564413663,971.6795199772907,ef_r,Regency - Tanglewood - Marquee - Wildwood,"1, 0, 0",2023-10-01
2025-01-01,991.8463053238881,1003.5774055283108,980.2591273702747,ef_r,Regency - Tanglewood - Marquee - Wildwood,"1, 0, 0",2023-10-01
2025-04-01,1000.8764501889821,1013.6176901969491,987.4810027010221,ef_r,Regency - Tanglewood - Marquee - Wildwood,"1, 0, 0",2023-10-01
2025-07-01,1008.6733779792414,1025.2926440902884,994.9771487918778,ef_r,Regency - Tanglewood - Marquee - Wildwood,"1, 0, 0",2023-10-01
2025-10-01,1017.0240777159902,1036.3324719240918,1000.2732359372358,ef_r,Regency - Tanglewood - Marquee - Wildwood,"1, 0, 0",2023-10-01
2026-01-01,1024.0579482200594,1045.3303985651291,1003.5083187280943,ef_r,Regency - Tanglewood - Marquee - Wildwood,"1, 0, 0",2023-10-01
2026-04-01,1031.21582646756,1054.5672021771597,1009.6043188384513,ef_r,Regency - Tanglewood - Marquee - Wildwood,"1, 0, 0",2023-10-01
2026-07-01,1037.707823846369,1062.4941264170657,1011.4012956001001,ef_r,Regency - Tanglewood - Marquee - Wildwood,"1, 0, 0",2023-10-01
2026-10-01,1042.6707280220032,1069.944577581447,1013.2165353544145,ef_r,Regency - Tanglewood - Marquee - Wildwood,"1, 0, 0",2023-10-01
2027-01-01,1048.803059960825,1082.7040214447638,1018.8342536885154,ef_r,Regency - Tanglewood - Marquee - Wildwood,"1, 0, 0",2023-10-01
2027-04-01,1053.9783249839427,1093.9569794638762,1022.9197637515097,ef_r,Regency - Tanglewood - Marquee - Wildwood,"1, 0, 0",2023-10-01
2027-07-01,1058.8444085466192,1102.1749976790059,1027.3524529719998,ef_r,Regency - Tanglewood - Marquee - Wildwood,"1, 0, 0",2023-10-01
2027-10-01,1064.9841759004166,1111.467677601881,1030.4374676197608,ef_r,Regency - Tanglewood - Marquee - Wildwood,"1, 0, 0",2023-10-01
2028-01-01,1069.7009429751317,1117.9175384543923,1032.4331637808937,ef_r,Regency - Tanglewood - Marquee - Wildwood,"1, 0, 0",2023-10-01
2028-04-01,1074.0152202206746,1125.667775003267,1037.2839469323446,ef_r,Regency - Tanglewood - Marquee - Wildwood,"1, 0, 0",2023-10-01
2028-07-01,1078.1394169343598,1136.00886689099,1040.7788115210894,ef_r,Regency - Tanglewood - Marquee - Wildwood,"1, 0, 0",2023-10-01
2028-10-01,1082.8309980043405,1143.0619907064488,1041.692043100991,ef_r,Regency - Tanglewood - Marquee - Wildwood,"1, 0, 0",2023-10-01
2023-10-01,84325.743,84325.743,84325.743,price,Sutton Place,"1, 0, 0",2023-10-01
2024-01-01,84011.42687228955,84019.44246023805,84002.7826172483,price,Sutton Place,"1, 0, 0",2023-10-01
2024-04-01,83947.92457058163,83959.85641196356,83935.71404790103,price,Sutton Place,"1, 0, 0",2023-10-01
2024-07-01,84102.55703681034,84116.5752594726,84086.98894326726,price,Sutton Place,"1, 0, 0",2023-10-01
2024-10-01,84418.91816295694,84436.60609012686,84399.80768556528,price,Sutton Place,"1, 0, 0",2023-10-01
2025-01-01,84872.93585237995,84892.96789840871,84852.06477110852,price,Sutton Place,"1, 0, 0",2023-10-01
2025-04-01,85439.53111303205,85461.88255235557,85417.01413942613,price,Sutton Place,"1, 0, 0",2023-10-01
2025-07-01,86098.37879571556,86124.61572544709,86075.11734725707,price,Sutton Place,"1, 0, 0",2023-10-01
2025-10-01,86835.78719532739,86864.70036708491,86810.00558653584,price,Sutton Place,"1, 0, 0",2023-10-01
2026-01-01,87637.15916001133,87668.25050565912,87610.73450061756,price,Sutton Place,"1, 0, 0",2023-10-01
2026-04-01,88495.88937077661,88526.03136417372,88463.59270137514,price,Sutton Place,"1, 0, 0",2023-10-01
2026-07-01,89400.52166155097,89432.60875993645,89367.2776022051,price,Sutton Place,"1, 0, 0",2023-10-01
2026-10-01,90346.96331776174,90380.12891496152,90311.87229580298,price,Sutton Place,"1, 0, 0",2023-10-01
2027-01-01,91328.22538504838,91364.39155636195,91291.423224793,price,Sutton Place,"1, 0, 0",2023-10-01
2027-04-01,92341.66620627153,92380.35045290668,92303.51093319044,price,Sutton Place,"1, 0, 0",2023-10-01
2027-07-01,93383.25328795206,93422.9196644662,93342.97630004835,price,Sutton Place,"1, 0, 0",2023-10-01
2027-10-01,94450.23400999574,94493.8011600745,94408.13040212447,price,Sutton Place,"1, 0, 0",2023-10-01
2028-01-01,95542.1891069181,95587.5121621006,95497.77699907185,price,Sutton Place,"1, 0, 0",2023-10-01
2028-04-01,96655.39597177459,96701.78185178337,96609.57301364624,price,Sutton Place,"1, 0, 0",2023-10-01
2028-07-01,97789.48718170819,97835.68283412918,97740.62811725544,price,Sutton Place,"1, 0, 0",2023-10-01
2028-10-01,98942.05044809933,98990.66288667909,98891.40944516093,price,Sutton Place,"1, 0, 0",2023-10-01
2023-10-01,842.8843412202657,842.8843412202657,842.8843412202657,ef_r,Sutton Place,"1, 0, 0",2023-10-01
2024-01-01,841.1243478528592,840.2419362807835,842.0067594249348,ef_r,Sutton Place,"1, 0, 0",2023-10-01
2024-04-01,842.2920663108201,840.4012545291921,844.1849935379864,ef_r,Sutton Place,"1, 0, 0",2023-10-01
2024-07-01,842.0020803841675,839.0680594452498,844.9429158123223,ef_r,Sutton Place,"1, 0, 0",2023-10-01
2024-10-01,843.0465821794234,839.0556435519752,847.0517184280066,ef_r,Sutton Place,"1, 0, 0",2023-10-01
2025-01-01,845.7281348034727,840.6371662250672,850.8437083085867,ef_r,Sutton Place,"1, 0, 0",2023-10-01
2025-04-01,849.2739179766337,843.0618200310755,855.5240769767489,ef_r,Sutton Place,"1, 0, 0",2023-10-01
2025-07-01,852.656679777569,845.313657677013,860.054266249962,ef_r,Sutton Place,"1, 0, 0",2023-10-01
2025-10-01,856.4117143181888,847.9262157005979,864.9713762366404,ef_r,Sutton Place,"1, 0, 0",2023-10-01
2026-01-01,860.5749421090492,850.932680444071,870.3141518366822,ef_r,Sutton Place,"1, 0, 0",2023-10-01
2026-04-01,864.9651436916066,854.153618242107,875.8996234154322,ef_r,Sutton Place,"1, 0, 0",2023-10-01
2026-07-01,869.352581701516,857.3617132484555,881.4956569588379,ef_r,Sutton Place,"1, 0, 0",2023-10-01
2026-10-01,873.8466695637686,860.6650294763972,887.2130775500333,ef_r,Sutton Place,"1, 0, 0",2023-10-01
2027-01-01,878.45230146978,864.0679549750538,893.0573453352406,ef_r,Sutton Place,"1, 0, 0",2023-10-01
2027-04-01,883.1289749260098,867.5303061576243,898.9876871790731,ef_r,Sutton Place,"1, 0, 0",2023-10-01
2027-07-01,887.8264178658112,871.0024664510664,904.953217154131,ef_r,Sutton Place,"1, 0, 0",2023-10-01
2027-10-01,892.5677317384251,874.5070475170234,910.9775855804277,ef_r,Sutton Place,"1, 0, 0",2023-10-01
2028-01-01,897.3537803056042,878.0447465609487,917.0618784947728,ef_r,Sutton Place,"1, 0, 0",2023-10-01
2028-04-01,902.1757869543485,881.6068286657429,923.1973299200608,ef_r,Sutton Place,"1, 0, 0",2023-10-01
2028-07-01,907.022943352219,885.1826167490237,929.3730505850582,ef_r,Sutton Place,"1, 0, 0",2023-10-01
2028-10-01,911.9002794560078,888.7769456224739,935.5943229667697,ef_r,Sutton Place,"1, 0, 0",2023-10-01
2023-10-01,451573.0711,451573.0711,451573.0711,price,Turks (Approx) - Miami S. Beach 5 stars,"1, 0, 0",2023-10-01
2024-01-01,452215.53360388015,442403.6889181493,464943.53657606605,price,Turks (Approx) - Miami S. Beach 5 stars,"1, 0, 0",2023-10-01
2024-04-01,453851.54332163854,438337.36615326436,470997.893706781,price,Turks (Approx) - Miami S. Beach 5 stars,"1, 0, 0",2023-10-01
2024-07-01,455355.57409702905,433423.54454890464,478011.42493363924,price,Turks (Approx) - Miami S. Beach 5 stars,"1, 0, 0",2023-10-01
2024-10-01,457134.9578991816,433083.7316342086,483195.8545314961,price,Turks (Approx) - Miami S. Beach 5 stars,"1, 0, 0",2023-10-01
2025-01-01,458748.8650776641,429925.4504499146,489506.92975129833,price,Turks (Approx) - Miami S. Beach 5 stars,"1, 0, 0",2023-10-01
2025-04-01,460450.2196570506,425021.76318259723,496092.74606214697,price,Turks (Approx) - Miami S. Beach 5 stars,"1, 0, 0",2023-10-01
2025-07-01,462333.98916830303,426933.4029261002,501078.26971042604,price,Turks (Approx) - Miami S. Beach 5 stars,"1, 0, 0",2023-10-01
2025-10-01,464258.5068933436,424063.56606567383,506667.7094943479,price,Turks (Approx) - Miami S. Beach 5 stars,"1, 0, 0",2023-10-01
2026-01-01,466598.3749339252,422755.57805155,511744.0645902821,price,Turks (Approx) - Miami S. Beach 5 stars,"1, 0, 0",2023-10-01
2026-04-01,468851.6699972869,420676.9378539884,515862.61947281956,price,Turks (Approx) - Miami S. Beach 5 stars,"1, 0, 0",2023-10-01
2026-07-01,469709.26346056274,422699.5705659211,519867.43507394043,price,Turks (Approx) - Miami S. Beach 5 stars,"1, 0, 0",2023-10-01
2026-10-01,471459.41564658313,420946.0870852905,523512.04126026254,price,Turks (Approx) - Miami S. Beach 5 stars,"1, 0, 0",2023-10-01
2027-01-01,473668.381959513,422448.4637367662,527098.9746386508,price,Turks (Approx) - Miami S. Beach 5 stars,"1, 0, 0",2023-10-01
2027-04-01,474590.22106836236,418903.68339711026,532534.5192139604,price,Turks (Approx) - Miami S. Beach 5 stars,"1, 0, 0",2023-10-01
2027-07-01,476095.0728886282,418256.0381332313,533411.9998741373,price,Turks (Approx) - Miami S. Beach 5 stars,"1, 0, 0",2023-10-01
2027-10-01,479949.2992986661,417551.5785879123,538266.7123859255,price,Turks (Approx) - Miami S. Beach 5 stars,"1, 0, 0",2023-10-01
2028-01-01,479919.90862105053,419043.86015249166,541069.5615247343,price,Turks (Approx) - Miami S. Beach 5 stars,"1, 0, 0",2023-10-01
2028-04-01,482377.12246884237,417348.6583027956,546076.3075321078,price,Turks (Approx) - Miami S. Beach 5 stars,"1, 0, 0",2023-10-01
2028-07-01,484474.9188515382,415850.17225900176,550025.2250977282,price,Turks (Approx) - Miami S. Beach 5 stars,"1, 0, 0",2023-10-01
2028-10-01,486917.8604005987,414357.4077455972,552451.6053462243,price,Turks (Approx) - Miami S. Beach 5 stars,"1, 0, 0",2023-10-01
2023-10-01,5015.261253065663,5015.261253065663,5015.261253065663,ef_r,Turks (Approx) - Miami S. Beach 5 stars,"0, 0, 0",2023-10-01
2024-01-01,5035.299281165154,5019.089383264885,5051.509179065423,ef_r,Turks (Approx) - Miami S. Beach 5 stars,"0, 0, 0",2023-10-01
2024-04-01,5025.240221308305,4992.840435202988,5057.744791901081,ef_r,Turks (Approx) - Miami S. Beach 5 stars,"0, 0, 0",2023-10-01
2024-07-01,5033.554175434645,4984.963354602004,5082.45973241742,ef_r,Turks (Approx) - Miami S. Beach 5 stars,"0, 0, 0",2023-10-01
2024-10-01,5103.780681065474,5038.399965325942,5169.795643493717,ef_r,Turks (Approx) - Miami S. Beach 5 stars,"0, 0, 0",2023-10-01
2025-01-01,5143.379407452671,5060.970010127154,5226.858831827103,ef_r,Turks (Approx) - Miami S. Beach 5 stars,"0, 0, 0",2023-10-01
2025-04-01,5178.010357938263,5078.45066755756,5279.191245837566,ef_r,Turks (Approx) - Miami S. Beach 5 stars,"0, 0, 0",2023-10-01
2025-07-01,5216.110665799863,5099.16566331244,5335.347042951382,ef_r,Turks (Approx) - Miami S. Beach 5 stars,"0, 0, 0",2023-10-01
2025-10-01,5265.468129144098,5130.695865543589,5403.327911657552,ef_r,Turks (Approx) - Miami S. Beach 5 stars,"0, 0, 0",2023-10-01
2026-01-01,5309.712334556455,5156.976551810466,5466.455939553886,ef_r,Turks (Approx) - Miami S. Beach 5 stars,"0, 0, 0",2023-10-01
2026-04-01,5353.396414778369,5182.486764104156,5529.36209708522,ef_r,Turks (Approx) - Miami S. Beach 5 stars,"0, 0, 0",2023-10-01
2026-07-01,5398.012453415858,5208.677450102384,5593.583538410188,ef_r,Turks (Approx) - Miami S. Beach 5 stars,"0, 0, 0",2023-10-01
2026-10-01,5444.944279098918,5236.876261823512,5660.565267133721,ef_r,Turks (Approx) - Miami S. Beach 5 stars,"0, 0, 0",2023-10-01
2027-01-01,5491.296645406083,5264.277764815658,5727.322708358807,ef_r,Turks (Approx) - Miami S. Beach 5 stars,"0, 0, 0",2023-10-01
2027-04-01,5537.878677983518,5291.664534534757,5794.695431798019,ef_r,Turks (Approx) - Miami S. Beach 5 stars,"0, 0, 0",2023-10-01
2027-07-01,5584.957218391659,5319.290632097686,5862.966745051063,ef_r,Turks (Approx) - Miami S. Beach 5 stars,"0, 0, 0",2023-10-01
2027-10-01,5632.780168058224,5347.3887702151915,5932.403728620261,ef_r,Turks (Approx) - Miami S. Beach 5 stars,"0, 0, 0",2023-10-01
2028-01-01,5680.837798258197,5375.469364020896,6002.478965881893,ef_r,Turks (Approx) - Miami S. Beach 5 stars,"0, 0, 0",2023-10-01
2028-04-01,5729.276247512341,5403.669788198645,6073.351100613376,ef_r,Turks (Approx) - Miami S. Beach 5 stars,"0, 0, 0",2023-10-01
2028-07-01,5778.145658579049,5432.035080378868,6145.079055212105,ef_r,Turks (Approx) - Miami S. Beach 5 stars,"0, 0, 0",2023-10-01
2028-10-01,5827.49285183821,5460.6065566741,6217.7189438527685,ef_r,Turks (Approx) - Miami S. Beach 5 stars,"0, 0, 0",2023-10-01
2023-10-01,1520.760082437432,1520.760082437432,1520.760082437432,price,el retiro Farm,"0, 0, 1",2023-10-01
2024-01-01,1528.694157067884,1426.3784667464897,1617.7683025586723,price,el retiro Farm,"0, 0, 1",2023-10-01
2024-04-01,1568.5585519625206,1413.3845858756254,1714.1694380010242,price,el retiro Farm,"0, 0, 1",2023-10-01
2024-07-01,1612.2398489013115,1422.1271057970453,1801.3191766767845,price,el retiro Farm,"0, 0, 1",2023-10-01
2024-10-01,1626.6079572337676,1405.8781886815898,1840.8313365172369,price,el retiro Farm,"0, 0, 1",2023-10-01
2025-01-01,1637.9682162382924,1386.4706647475853,1882.8464168232035,price,el retiro Farm,"0, 0, 1",2023-10-01
2025-04-01,1653.1071930505536,1389.2155119499148,1930.661303521201,price,el retiro Farm,"0, 0, 1",2023-10-01
2025-07-01,1674.6627269548637,1382.3253626581172,1991.3319526796117,price,el retiro Farm,"0, 0, 1",2023-10-01
2025-10-01,1688.4006607885628,1380.869101252248,2022.828356793282,price,el retiro Farm,"0, 0, 1",2023-10-01
2026-01-01,1698.5166990160424,1369.9098066561844,2079.0455364449704,price,el retiro Farm,"0, 0, 1",2023-10-01
2026-04-01,1713.7959790097477,1371.5313913988387,2109.4892553073687,price,el retiro Farm,"0, 0, 1",2023-10-01
2026-07-01,1736.2452993818818,1364.3173488274633,2152.620407092658,price,el retiro Farm,"0, 0, 1",2023-10-01
2026-10-01,1748.7632399662573,1372.8244406735064,2188.5203756878177,price,el retiro Farm,"0, 0, 1",2023-10-01
2027-01-01,1765.340164522491,1366.8557900728856,2236.627071531227,price,el retiro Farm,"0, 0, 1",2023-10-01
2027-04-01,1781.7357351075339,1363.4006521434674,2262.496042043256,price,el retiro Farm,"0, 0, 1",2023-10-01
2027-07-01,1792.4723982752178,1359.6022861804154,2322.8648168822324,price,el retiro Farm,"0, 0, 1",2023-10-01
2027-10-01,1811.19815666262,1365.8034683327228,2361.767294403595,price,el retiro Farm,"0, 0, 1",2023-10-01
2028-01-01,1829.9427803268386,1357.798282875345,2407.513701624133,price,el retiro Farm,"0, 0, 1",2023-10-01
2028-04-01,1850.6063284326965,1365.9610699871805,2460.2544712860513,price,el retiro Farm,"0, 0, 1",2023-10-01
2028-07-01,1863.9689037518979,1371.1704620429605,2506.6417132444067,price,el retiro Farm,"0, 0, 1",2023-10-01
2028-10-01,1885.644743556799,1360.901383727891,2552.771534928496,price,el retiro Farm,"0, 0, 1",2023-10-01
2023-10-01,8.704751940365789,8.704751940365789,8.704751940365789,ef_r,el retiro Farm,"0, 0, 0",2023-10-01
2024-01-01,8.829048591751874,8.304995835573028,9.320843047045457,ef_r,el retiro Farm,"0, 0, 0",2023-10-01
2024-04-01,9.112342474801089,8.295786189904044,9.924564537035375,ef_r,el retiro Farm,"0, 0, 0",2023-10-01
2024-07-01,9.352999155485898,8.322686111415782,10.389540769229903,ef_r,el retiro Farm,"0, 0, 0",2023-10-01
2024-10-01,9.456505594841206,8.270281706577308,10.675017148037366,ef_r,el retiro Farm,"0, 0, 0",2023-10-01
2025-01-01,9.550284976433709,8.186569307310311,10.948929997395316,ef_r,el retiro Farm,"0, 0, 0",2023-10-01
2025-04-01,9.680435232713426,8.223747955784782,11.240498279872048,ef_r,el retiro Farm,"0, 0, 0",2023-10-01
2025-07-01,9.829608372894256,8.224034242529262,11.568928804971748,ef_r,el retiro Farm,"0, 0, 0",2023-10-01
2025-10-01,9.922877865179487,8.182533668798275,11.772014220758509,ef_r,el retiro Farm,"0, 0, 0",2023-10-01
2026-01-01,10.011275168882701,8.130822124729846,12.108545286325873,ef_r,el retiro Farm,"0, 0, 0",2023-10-01
2026-04-01,10.124466870866973,8.176148166358733,12.359262473988924,ef_r,el retiro Farm,"0, 0, 0",2023-10-01
2026-07-01,10.257905310360432,8.122233965150604,12.663534149845631,ef_r,el retiro Farm,"0, 0, 0",2023-10-01
2026-10-01,10.368199884885891,8.171033897125996,12.908359875805472,ef_r,el retiro Farm,"0, 0, 0",2023-10-01
2027-01-01,10.486112374572974,8.11191171329226,13.234400308848091,ef_r,el retiro Farm,"0, 0, 0",2023-10-01
2027-04-01,10.594897432031074,8.140010472223382,13.40563953036894,ef_r,el retiro Farm,"0, 0, 0",2023-10-01
2027-07-01,10.672261647654162,8.14273556870057,13.776647029986796,ef_r,el retiro Farm,"0, 0, 0",2023-10-01
2027-10-01,10.804559715513625,8.159056776363972,14.046484721853956,ef_r,el retiro Farm,"0, 0, 0",2023-10-01
2028-01-01,10.938412934286413,8.131459154564428,14.3409709108977,ef_r,el retiro Farm,"0, 0, 0",2023-10-01
2028-04-01,11.06691708073792,8.2050960173891,14.628814400489988,ef_r,el retiro Farm,"0, 0, 0",2023-10-01
2028-07-01,11.17366167421109,8.232935256364758,14.93491404085985,ef_r,el retiro Farm,"0, 0, 0",2023-10-01
2028-10-01,11.302515641646123,8.212048610849973,15.213330858603102,ef_r,el retiro Farm,"0, 0, 0",2023-10-01
2023-10-01,6225.534658245724,6225.534658245724,6225.534658245724,price,la moraleja Property,"1, 0, 0",2023-10-01
2024-01-01,6230.461269983903,6205.204024974685,6255.718514993119,price,la moraleja Property,"1, 0, 0",2023-10-01
2024-04-01,6223.066208056694,6169.554099232026,6276.808574318672,price,la moraleja Property,"1, 0, 0",2023-10-01
2024-07-01,6216.549551316493,6134.214696097153,6299.6164654105705,price,la moraleja Property,"1, 0, 0",2023-10-01
2024-10-01,6203.717525564717,6092.645189921606,6316.299863394739,price,la moraleja Property,"1, 0, 0",2023-10-01
2025-01-01,6192.092497989034,6052.334446048316,6334.418385855861,price,la moraleja Property,"1, 0, 0",2023-10-01
2025-04-01,6180.000253771835,6011.76512303709,6352.138170587012,price,la moraleja Property,"1, 0, 0",2023-10-01
2025-07-01,6168.125462142158,5971.6439823373075,6370.119778008105,price,la moraleja Property,"1, 0, 0",2023-10-01
2025-10-01,6155.954374075525,5931.4784430808295,6387.826147076627,price,la moraleja Property,"1, 0, 0",2023-10-01
2026-01-01,6143.916861355617,5891.686913246956,6405.697259797451,price,la moraleja Property,"1, 0, 0",2023-10-01
2026-04-01,6131.891375222648,5852.150841486211,6423.6068522371925,price,la moraleja Property,"1, 0, 0",2023-10-01
2026-07-01,6119.910969234722,5812.90051969325,6441.589212790513,price,la moraleja Property,"1, 0, 0",2023-10-01
2026-10-01,6107.939138699417,5773.899331538632,6459.606335716599,price,la moraleja Property,"1, 0, 0",2023-10-01
2027-01-01,6095.9999972976275,5735.168568724231,6477.683670229082,price,la moraleja Property,"1, 0, 0",2023-10-01
2027-04-01,6084.084759343676,5696.698137419278,6495.812199815029,price,la moraleja Property,"1, 0, 0",2023-10-01
2027-07-01,6072.194795278918,5658.487615683549,6513.993583787211,price,la moraleja Property,"1, 0, 0",2023-10-01
2027-10-01,6060.327484706836,5620.532847210524,6532.22523146392,price,la moraleja Property,"1, 0, 0",2023-10-01
2028-01-01,6048.484110756043,5582.833352925829,6550.508708173921,price,la moraleja Property,"1, 0, 0",2023-10-01
2028-04-01,6036.664003899516,5545.386839248339,6568.843492106541,price,la moraleja Property,"1, 0, 0",2023-10-01
2028-07-01,6024.867163434361,5508.191649386251,6587.229776824223,price,la moraleja Property,"1, 0, 0",2023-10-01
2028-10-01,6013.093363121962,5471.245930873022,6605.667510561266,price,la moraleja Property,"1, 0, 0",2023-10-01
2023-10-01,16.89546195711053,16.89546195711053,16.89546195711053,ef_r,la moraleja Property,"0, 0, 1",2023-10-01
2024-01-01,16.924731589844637,16.357876794912915,17.29869886864969,ef_r,la moraleja Property,"0, 0, 1",2023-10-01
2024-04-01,16.781915480718652,15.974981685760733,17.390246661338495,ef_r,la moraleja Property,"0, 0, 1",2023-10-01
2024-07-01,16.709395506836344,15.724968443082384,17.498512316894434,ef_r,la moraleja Property,"0, 0, 1",2023-10-01
2024-10-01,16.602648185277268,15.435210923176465,17.54291902071471,ef_r,la moraleja Property,"0, 0, 1",2023-10-01
2025-01-01,16.590335782274938,15.317317104144443,17.60860431170771,ef_r,la moraleja Property,"0, 0, 1",2023-10-01
2025-04-01,16.56629541562585,15.151967538375711,17.699748425202333,ef_r,la moraleja Property,"0, 0, 1",2023-10-01
2025-07-01,16.54417840663594,14.978489502386251,17.777065745657616,ef_r,la moraleja Property,"0, 0, 1",2023-10-01
2025-10-01,16.474953896465685,14.85244458917585,17.87032811732935,ef_r,la moraleja Property,"0, 0, 1",2023-10-01
2026-01-01,16.435237603779548,14.773670429262625,17.974071412959344,ef_r,la moraleja Property,"0, 0, 1",2023-10-01
2026-04-01,16.44553149261582,14.71031263929664,18.01361986266928,ef_r,la moraleja Property,"0, 0, 1",2023-10-01
2026-07-01,16.351326825184387,14.615458146673069,18.030380561821026,ef_r,la moraleja Property,"0, 0, 1",2023-10-01
2026-10-01,16.324836319036933,14.495266243663927,18.030705273760002,ef_r,la moraleja Property,"0, 0, 1",2023-10-01
2027-01-01,16.289409404158846,14.359241504227564,18.119046556991325,ef_r,la moraleja Property,"0, 0, 1",2023-10-01
2027-04-01,16.26931172195581,14.295048000663085,18.144342274135763,ef_r,la moraleja Property,"0, 0, 1",2023-10-01
2027-07-01,16.18710934847387,14.114958667718762,18.148782058284688,ef_r,la moraleja Property,"0, 0, 1",2023-10-01
2027-10-01,16.177125417981788,13.953467217430033,18.205873955604556,ef_r,la moraleja Property,"0, 0, 1",2023-10-01
2028-01-01,16.11304283417212,13.905858080541108,18.231968712509577,ef_r,la moraleja Property,"0, 0, 1",2023-10-01
2028-04-01,16.0357983195795,13.872041296708845,18.241750487286556,ef_r,la moraleja Property,"0, 0, 1",2023-10-01
2028-07-01,16.079017154334363,13.728605737192566,18.298681576618968,ef_r,la moraleja Property,"0, 0, 1",2023-10-01
2028-10-01,15.99731120539868,13.679581521054331,18.3149936961122,ef_r,la moraleja Property,"0, 0, 1",2023-10-01
2023-10-01,1634.243681581129,1634.243681581129,1634.243681581129,price,la volcana Apartments,"1, 0, 0",2023-10-01
2024-01-01,1657.177057282225,1549.1817925237408,1758.0946699381411,price,la volcana Apartments,"1, 0, 0",2023-10-01
2024-04-01,1704.5992428885434,1549.168379924251,1856.2538574998757,price,la volcana Apartments,"1, 0, 0",2023-10-01
2024-07-01,1757.7892207365464,1562.8515834544191,1952.3999564084822,price,la volcana Apartments,"1, 0, 0",2023-10-01
2024-10-01,1770.7354777108367,1550.1577436580108,2009.9483047899505,price,la volcana Apartments,"1, 0, 0",2023-10-01
2025-01-01,1789.8736149440333,1532.77783634324,2052.835819346099,price,la volcana Apartments,"1, 0, 0",2023-10-01
2025-04-01,1808.8158517910595,1536.3715187564512,2111.2841150012473,price,la volcana Apartments,"1, 0, 0",2023-10-01
2025-07-01,1835.679652064201,1531.7436909629907,2174.600822023618,price,la volcana Apartments,"1, 0, 0",2023-10-01
2025-10-01,1852.3093894688488,1527.6504688826137,2219.906784647968,price,la volcana Apartments,"1, 0, 0",2023-10-01
2026-01-01,1869.2275350985972,1519.6614652740807,2265.071186280836,price,la volcana Apartments,"1, 0, 0",2023-10-01
2026-04-01,1889.1089373390453,1515.284230275425,2306.119757209199,price,la volcana Apartments,"1, 0, 0",2023-10-01
2026-07-01,1904.8844022076296,1512.271000433383,2348.453057305521,price,la volcana Apartments,"1, 0, 0",2023-10-01
2026-10-01,1924.0843344318655,1506.3670353786852,2386.9932834903198,price,la volcana Apartments,"1, 0, 0",2023-10-01
2027-01-01,1942.9071151647804,1509.9956732593168,2431.830801575283,price,la volcana Apartments,"1, 0, 0",2023-10-01
2027-04-01,1959.5855170041434,1501.849117646937,2486.731468918709,price,la volcana Apartments,"1, 0, 0",2023-10-01
2027-07-01,1977.8598560479786,1506.2428815189453,2524.14998194349,price,la volcana Apartments,"1, 0, 0",2023-10-01
2027-10-01,1991.5368324330955,1506.6325804761673,2563.7679199489226,price,la volcana Apartments,"1, 0, 0",2023-10-01
2028-01-01,2010.5020545350478,1502.7455531790658,2590.9233656882134,price,la volcana Apartments,"1, 0, 0",2023-10-01
2028-04-01,2018.2642388227541,1506.9751329453015,2647.761016043184,price,la volcana Apartments,"1, 0, 0",2023-10-01
2028-07-01,2036.4902585245557,1512.5682048851777,2681.7326083841754,price,la volcana Apartments,"1, 0, 0",2023-10-01
2028-10-01,2062.0270799938476,1510.5118486029266,2748.3486292989373,price,la volcana Apartments,"1, 0, 0",2023-10-01
2023-10-01,12.620470085466666,12.620470085466666,12.620470085466666,ef_r,la volcana Apartments,"0, 0, 1",2023-10-01
2024-01-01,12.713183590792477,11.942482525984088,13.44740710608551,ef_r,la volcana Apartments,"0, 0, 1",2023-10-01
2024-04-01,13.033487880480616,11.930059765042339,14.128246176695622,ef_r,la volcana Apartments,"0, 0, 1",2023-10-01
2024-07-01,13.418860342853243,12.003840396622424,14.805402594680634,ef_r,la volcana Apartments,"0, 0, 1",2023-10-01
2024-10-01,13.501768014255171,11.89371510734479,15.206689868728796,ef_r,la volcana Apartments,"0, 0, 1",2023-10-01
2025-01-01,13.617303864047978,11.755294658340283,15.493826054159756,ef_r,la volcana Apartments,"0, 0, 1",2023-10-01
2025-04-01,13.757700251244632,11.788280003722907,15.910319901509606,ef_r,la volcana Apartments,"0, 0, 1",2023-10-01
2025-07-01,13.944266570787246,11.742563745181899,16.34436363373272,ef_r,la volcana Apartments,"0, 0, 1",2023-10-01
2025-10-01,14.050729130833556,11.717889399893851,16.639763879904617,ef_r,la volcana Apartments,"0, 0, 1",2023-10-01
2026-01-01,14.171629646861577,11.647711973881764,16.96241127976459,ef_r,la volcana Apartments,"0, 0, 1",2023-10-01
2026-04-01,14.3072748308875,11.596422098529525,17.2811720281196,ef_r,la volcana Apartments,"0, 0, 1",2023-10-01
2026-07-01,14.405193009804306,11.590361761511263,17.569796421484497,ef_r,la volcana Apartments,"0, 0, 1",2023-10-01
2026-10-01,14.53580876675618,11.5692641869312,17.89236648206874,ef_r,la volcana Apartments,"0, 0, 1",2023-10-01
2027-01-01,14.674109118196577,11.549613435601868,18.14628239962559,ef_r,la volcana Apartments,"0, 0, 1",2023-10-01
2027-04-01,14.801258862756926,11.489050712252228,18.491760862848967,ef_r,la volcana Apartments,"0, 0, 1",2023-10-01
2027-07-01,14.936519307170446,11.52578816186452,18.761732213901315,ef_r,la volcana Apartments,"0, 0, 1",2023-10-01
2027-10-01,15.039649007627563,11.513503971021777,19.04921911186029,ef_r,la volcana Apartments,"0, 0, 1",2023-10-01
2028-01-01,15.179367395797446,11.518000399428336,19.218493344589866,ef_r,la volcana Apartments,"0, 0, 1",2023-10-01
2028-04-01,15.254026965231802,11.510164536610455,19.581043321551444,ef_r,la volcana Apartments,"0, 0, 1",2023-10-01
2028-07-01,15.37362855888794,11.553836464250065,19.855502158057675,ef_r,la volcana Apartments,"0, 0, 1",2023-10-01
2028-10-01,15.552556129675335,11.545285158302534,20.315043996343608,ef_r,la volcana Apartments,"0, 0, 1",2023-10-01
2023-10-01,7385.972599375407,7385.972599375407,7385.972599375407,price,lagasca Property,"1, 0, 0",2023-10-01
2024-01-01,7409.16498259777,7209.357403756649,7604.719177454065,price,lagasca Property,"1, 0, 0",2023-10-01
2024-04-01,7403.846286944543,7108.013819593201,7703.27421875992,price,lagasca Property,"1, 0, 0",2023-10-01
2024-07-01,7401.466436629661,7052.431211333465,7776.044839799831,price,lagasca Property,"1, 0, 0",2023-10-01
2024-10-01,7405.912731343896,6994.166073275071,7831.59389737869,price,lagasca Property,"1, 0, 0",2023-10-01
2025-01-01,7426.621746501928,6985.144755408535,7891.905247820659,price,lagasca Property,"1, 0, 0",2023-10-01
2025-04-01,7442.34417194969,6956.664419535507,7952.6944970149725,price,lagasca Property,"1, 0, 0",2023-10-01
2025-07-01,7460.26725090791,6929.008089329067,8040.458834195255,price,lagasca Property,"1, 0, 0",2023-10-01
2025-10-01,7490.25209687149,6896.599483863043,8091.6897009124805,price,lagasca Property,"1, 0, 0",2023-10-01
2026-01-01,7502.193243564417,6879.633204907435,8158.172322071323,price,lagasca Property,"1, 0, 0",2023-10-01
2026-04-01,7517.649587979263,6881.14735318778,8250.637089404589,price,lagasca Property,"1, 0, 0",2023-10-01
2026-07-01,7537.496856726358,6854.455612140032,8291.21499260937,price,lagasca Property,"1, 0, 0",2023-10-01
2026-10-01,7564.3913048609875,6833.258818032624,8332.226746908713,price,lagasca Property,"1, 0, 0",2023-10-01
2027-01-01,7575.672960998023,6834.463555730048,8375.95221418907,price,lagasca Property,"1, 0, 0",2023-10-01
2027-04-01,7590.422065625192,6832.0241519086685,8445.805923499609,price,lagasca Property,"1, 0, 0",2023-10-01
2027-07-01,7621.826580864766,6812.775402348268,8498.63918999966,price,lagasca Property,"1, 0, 0",2023-10-01
2027-10-01,7637.4805020784925,6817.58332765416,8565.653077641316,price,lagasca Property,"1, 0, 0",2023-10-01
2028-01-01,7637.807419519345,6801.264652457093,8582.90867296284,price,lagasca Property,"1, 0, 0",2023-10-01
2028-04-01,7658.30797580137,6792.484459084276,8628.699702383783,price,lagasca Property,"1, 0, 0",2023-10-01
2028-07-01,7680.007147503294,6771.6754833368495,8689.992293137555,price,lagasca Property,"1, 0, 0",2023-10-01
2028-10-01,7709.221891164732,6786.255644044472,8709.403403951543,price,lagasca Property,"1, 0, 0",2023-10-01
2023-10-01,22.893082950359236,22.893082950359236,22.893082950359236,ef_r,lagasca Property,"1, 0, 0",2023-10-01
2024-01-01,23.428328121022783,23.786703759726418,23.11317384973259,ef_r,lagasca Property,"1, 0, 0",2023-10-01
2024-04-01,23.706751763692296,24.227387929136075,23.218530669296594,ef_r,lagasca Property,"1, 0, 0",2023-10-01
2024-07-01,23.83129733078519,24.43654828085976,23.220096244121823,ef_r,lagasca Property,"1, 0, 0",2023-10-01
2024-10-01,23.963934275662925,24.70661492655981,23.257688831175194,ef_r,lagasca Property,"1, 0, 0",2023-10-01
2025-01-01,24.07886693400728,24.963134071047318,23.255283331400136,ef_r,lagasca Property,"1, 0, 0",2023-10-01
2025-04-01,24.134109767703404,25.06114807119466,23.313848834041064,ef_r,lagasca Property,"1, 0, 0",2023-10-01
2025-07-01,24.202993039927946,25.209929243587325,23.307296868289026,ef_r,lagasca Property,"1, 0, 0",2023-10-01
2025-10-01,24.263802640774774,25.32486472916385,23.270688814305704,ef_r,lagasca Property,"1, 0, 0",2023-10-01
2026-01-01,24.30370146615188,25.49855676556832,23.27850345503667,ef_r,lagasca Property,"1, 0, 0",2023-10-01
2026-04-01,24.348544732524893,25.594543957059827,23.27115343077453,ef_r,lagasca Property,"1, 0, 0",2023-10-01
2026-07-01,24.402193163894804,25.72482285779788,23.247429241378963,ef_r,lagasca Property,"1, 0, 0",2023-10-01
2026-10-01,24.431916488554627,25.82773319154442,23.298693462037683,ef_r,lagasca Property,"1, 0, 0",2023-10-01
2027-01-01,24.50966731911327,25.96716365027586,23.300611558948948,ef_r,lagasca Property,"1, 0, 0",2023-10-01
2027-04-01,24.577756495807655,26.125860648623092,23.2663637931954,ef_r,lagasca Property,"1, 0, 0",2023-10-01
2027-07-01,24.638170328829293,26.203517804586824,23.283652552201417,ef_r,lagasca Property,"1, 0, 0",2023-10-01
2027-10-01,24.68867622445928,26.271002030116335,23.212124029914364,ef_r,lagasca Property,"1, 0, 0",2023-10-01
2028-01-01,24.713542781856148,26.37411821558922,23.241698452265766,ef_r,lagasca Property,"1, 0, 0",2023-10-01
2028-04-01,24.773483359007,26.475652891986957,23.173893579659914,ef_r,lagasca Property,"1, 0, 0",2023-10-01
2028-07-01,24.81888132893657,26.6081653634814,23.244913752359235,ef_r,lagasca Property,"1, 0, 0",2023-10-01
2028-10-01,24.863433832089186,26.674878685652452,23.18346370775449,ef_r,lagasca Property,"1, 0, 0",2023-10-01
